,,,,,,,,,,,,,,,,,,,,,,,,,,,,,
,,Sat,Sun,Mon,Tue,Wed,Thu,Fri,Sat,Sun,Mon,Tue,Wed,Thu,Fri,Sat,Sun,Mon,Tue,Wed,Thu,Fri,Sat,Sun,Mon,Tue,Wed,Thu,Fri
No,Employee Name,1-Feb,2-Feb,3-Feb,4-Feb,5-Feb,6-Feb,7-Feb,8-Feb,9-Feb,10-Feb,11-Feb,12-Feb,13-Feb,14-Feb,15-Feb,16-Feb,17-Feb,18-Feb,19-Feb,20-Feb,21-Feb,22-Feb,23-Feb,24-Feb,25-Feb,26-Feb,27-Feb,28-Feb
1,001,OFF,OFF,P4,P4,P4,P4,P4,OFF,OFF,P4,P4,P4,P4,P4,OFF,OFF,P4,P4,P4,P4,P4,OFF,OFF,P4,P4,P4,P4,P4
2,002,OFF,OFF,P4,P4,P4,P4,P4,OFF,OFF,P4,P4,P4,P4,P4,OFF,OFF,P4,P4,P4,P4,P4,OFF,OFF,P4,P4,P4,P4,SL
3,003,OFF,OFF,P4,P4,P4,P4,P4,OFF,OFF,P4,P4,P4,P4,P4,OFF,OFF,P4,P4,P4,P4,P4,OFF,OFF,P4,P4,P4,P4,P4
4,004,OFF,OFF,P4,P4,P4,P4,P4,OFF,OFF,P4,P4,P4,P4,AL,OFF,OFF,P4,P4,P4,P4,P4,OFF,OFF,P4,P4,P4,P4,P4
5,005,OFF,OFF,P4,P4,P4,P4,P4,OFF,OFF,P4,P4,P4,P4,P4,OFF,OFF,P4,P4,P4,P4,P4,OFF,OFF,P4,P4,P4,P4,P4
6,006,OFF,OFF,P4,P4,P4,P4,P4,OFF,OFF,P4,P4,SL,P4,P4,OFF,OFF,P4,P4,P4,P4,P4,OFF,OFF,P4,P4,P4,P4,P4
7,007,OFF,OFF,P4,P4,P4,P4,P4,OFF,OFF,AL,AL,P4,P4,P4,OFF,OFF,P4,P4,P4,P4,P4,OFF,OFF,P4,P4,P4,P4,P4
8,008,OFF,OFF,P3,P3,P4,P4,P3,OFF,OFF,P4,P4,P4,P4,P4,OFF,OFF,AL,P4,P4,P4,P4,OFF,OFF,P4,P4,P4,P4,P4
9,009,OFF,OFF,P4,P4,P4,P3,P3,OFF,OFF,P4,P4,OFF,P4,P3,P3,OFF,P4,P4,P4,P4,P3,OFF,OFF,P4,P10,P10,P4,P4
10,0010,OFF,OFF,P3,P4,P3,P3,P3,OFF,OFF,P3,P3,P3,P4,P4,OFF,OFF,P4,P4,P4,P3,P3,OFF,OFF,P3,AL,P3,P4,P4
11,0011,OFF,OFF,P4,P4,P4,P4,P4,OFF,OFF,P4,P4,P4,P4,P4,OFF,OFF,P4,P4,P4,P4,P4,OFF,OFF,P4,P4,P4,P4,P4
12,0012,OFF,OFF,P3,P4,P4,P4,P3,OFF,OFF,P4,P4,SL,P4,P4,OFF,OFF,P4,P3,SL,P4,P4,OFF,OFF,AL,P4,P4,P3,P1
13,0013,OFF,OFF,P3,P3,P3,P3,AL,OFF,OFF,P4,P3,OFF,P3,P3,P3,OFF,P3,P4,P3,P3,P4,OFF,OFF,P3,P3,P3,P1,AL
14,0014,M3,M3,OFF,S7,S7,S7,M3,M3,OFF,OFF,P10,P10,M3,OFF,OFF,P10,S7,OFF,S2,S2,S7,S2,OFF,OFF,P10,P10,P10,P10
15,0015,OFF,P1,S7,M3,M3,M3,OFF,OFF,P1,P1,P1,OFF,P1,M3,M3,OFF,OFF,P1,S5,S5,M3,OFF,P10,P1,P1,OFF,AL,AL
16,0016,P1,P10,OFF,OFF,AL,AL,P10,P10,M3,M3,OFF,S7,S7,OFF,OFF,P1,P1,S7,M3,M3,OFF,M3,M3,M3,M3,OFF,OFF,S7
17,0017,OFF,OFF,P1,P1,P10,P1,OFF,AL,S7,S7,S7,M3,OFF,S7,S7,M3,OFF,OFF,P1,P4,P10,S5,OFF,S7,S7,M3,M3,OFF
18,0018,S7,S7,M3,OFF,OFF,OFF,S7,S7,P10,P10,M3,OFF,OFF,P1,P1,S7,M3,M3,OFF,P1,P1,P4,S7,OFF,OFF,S7,S7,M3
19,0019,OFF,OFF,P3,P3,P3,P3,P4,OFF,OFF,P3,P3,P3,P3,AL,OFF,OFF,S2,S2,S2,S2,S2,OFF,OFF,P3,P3,P3,P3,P3
20,0020,OFF,OFF,P3,P3,P3,P3,P3,OFF,OFF,P3,P3,P3,P3,P3,P3,P3,P3,P3,OFF,OFF,OFF,P3,P3,P3,OFF,P3,P3,P3
21,0021,OFF,OFF,P3,P3,P3,P3,SL,OFF,OFF,P10,S2,P10,P10,P10,OFF,OFF,P3,P3,P3,P3,P3,P3,OFF,S6,S6,S6,OFF,AL
22,0022,OFF,OFF,S6,S6,S6,S6,S6,OFF,OFF,P3,P3,P3,P3,P3,OFF,OFF,P3,P3,P3,SL,P3,OFF,OFF,S6,S6,S6,S6,S6
23,0023,OFF,OFF,P3,P3,P3,P3,P4,OFF,OFF,P3,P3,P3,P3,P3,OFF,OFF,P3,P3,P3,P3,P3,OFF,OFF,P3,P3,P3,P3,P3
24,0024,OFF,OFF,AL,AL,P3,P3,P3,OFF,OFF,S6,S6,S6,S6,S6,OFF,OFF,SL,SL,SL,SL,SL,OFF,OFF,P3,P3,P3,P3,P3
25,0025,OFF,OFF,P3,P3,P3,P3,P3,OFF,OFF,P3,P3,P3,P3,P3,OFF,OFF,P3,P3,P3,P3,P3,OFF,OFF,P3,P3,P3,P3,P3
26,0026,OFF,OFF,P3,P3,P3,P3,P3,OFF,OFF,P3,P3,P3,P3,AL,OFF,OFF,AL,P3,P3,P3,P3,OFF,OFF,P3,P3,P3,P3,P3
27,0027,OFF,OFF,P3,P3,P3,P3,P4,OFF,OFF,P3,P3,P3,P3,P3,OFF,OFF,S6,S6,S6,S6,S6,OFF,OFF,P3,P3,P3,P3,P3
28,0028,OFF,OFF,P3,P3,P3,P3,P3,OFF,OFF,P3,P3,P3,P3,P3,OFF,OFF,P3,P3,P3,P3,AL,OFF,OFF,P3,P3,P3,SL,SL
29,0029,OFF,OFF,P3,P3,P3,P3,P3,OFF,OFF,P3,P3,P3,P3,P3,OFF,OFF,P3,P3,P3,P3,P3,OFF,OFF,P3,P3,P3,P3,P3
30,0030,S7,S7,S7,OFF,P3,S6,S6,S6,OFF,P3,P3,S6,OFF,OFF,P3,S6,S6,S6,OFF,P3,S6,OFF,AL,OFF,P3,P3,S6,OFF
31,0031,OFF,P3,S7,S7,OFF,AL,OFF,P3,P3,S6,S6,OFF,SL,S6,S6,S6,OFF,OFF,P3,S6,S6,S6,OFF,P3,S6,S6,S6,OFF
32,0032,OFF,AL,OFF,P3,COL,COL,SL,OFF,SL,SL,S6,S6,S6,OFF,OFF,P3,S6,S6,S6,OFF,P3,P3,S6,S6,OFF,OFF,SL,S6
33,0033,AL,OFF,SL,S7,S6,OFF,P3,P3,S6,S6,OFF,OFF,P3,P3,S6,OFF,P3,P3,P3,S6,OFF,OFF,P3,P3,S6,SL,OFF,P3
34,0034,S7,S7,OFF,OFF,S6,S6,S6,S6,S6,OFF,SL,P3,S6,S6,OFF,OFF,P3,P3,S6,OFF,P3,S6,S6,S6,OFF,OFF,P3,S6
35,0035,OFF,S7,S7,OFF,OFF,SL,SL,S7,S7,S7,OFF,P3,S7,S7,OFF,S7,S7,S7,S7,OFF,S7,S7,OFF,P3,P3,OFF,P3,P3
36,0036,S7,OFF,OFF,P3,P3,S7,S7,OFF,S7,S7,S7,OFF,OFF,S7,S7,S7,S7,OFF,P3,S7,OFF,P3,S7,S6,OFF,S6,S6,S6
37,0037,P3,P3,P3,P3,OFF,OFF,P3,P3,P3,OFF,P3,P3,P3,OFF,OFF,P3,P3,P3,P3,OFF,P3,P3,P3,OFF,OFF,P3,P3,P3
38,0038,P3,OFF,P3,P3,P3,P3,OFF,AL,OFF,P3,P3,OFF,P3,P3,P3,OFF,P3,P3,P3,P3,OFF,OFF,P3,P3,P3,P3,OFF,P3
39,0039,OFF,OFF,P3,P3,P3,OFF,P3,P3,P3,P3,OFF,P3,P3,P3,OFF,OFF,P3,P3,P3,P3,P3,OFF,P3,P3,OFF,P3,P3,P3
40,0040,OFF,P3,P3,P3,P3,P3,OFF,P3,P3,P3,P3,P3,OFF,OFF,P3,P3,P3,OFF,P3,P3,OFF,P3,P3,P3,P3,OFF,OFF,AL
41,0041,P3,OFF,P3,P3,P3,P3,P3,OFF,OFF,P3,P3,P3,OFF,P3,P3,OFF,P3,P3,P3,OFF,P3,P3,OFF,OFF,P3,P3,P3,P3
42,0042,OFF,OFF,AL,P3,P3,P3,P3,OFF,OFF,P3,P3,P3,P3,P3,OFF,OFF,P3,P3,P3,P3,P3,OFF,OFF,P3,P3,P3,P3,AL
43,0043,SL,P3,P3,OFF,OFF,P3,P3,P3,OFF,P3,P3,P3,OFF,P3,P3,P3,P3,AL,OFF,OFF,P3,P3,P3,OFF,P3,P3,P3,OFF
44,0044,P3,P3,OFF,OFF,P3,P3,P3,AL,OFF,OFF,P3,P3,OFF,P3,P3,P3,OFF,P3,P3,P3,P3,OFF,OFF,SL,SL,P3,P3,P3
45,0045,OFF,P3,P3,OFF,SL,SL,OFF,AL,AL,OFF,P3,P3,P3,P3,OFF,P3,P3,P3,OFF,P3,P3,OFF,P3,P3,OFF,P3,P3,P3
46,0046,OFF,OFF,P3,P3,P3,P3,P3,OFF,OFF,P3,P3,P3,P3,P3,OFF,OFF,P3,P3,P3,P3,P3,OFF,OFF,P3,P3,P3,P3,P3
47,0047,AL,OFF,P3,P3,P3,OFF,P3,P3,OFF,P3,P3,EL,P3,OFF,OFF,P3,P3,OFF,P3,P3,P1,AL,OFF,OFF,P3,P3,P3,P3
48,0048,P3,OFF,S7,S7,S7,OFF,S7,S7,OFF,OFF,P3,S7,S7,OFF,S6,P3,OFF,P3,S7,S7,OFF,S7,S7,S6,S6,OFF,AL,AL
49,0049,P3,P3,OFF,P3,P3,P3,P3,OFF,P3,P3,P3,OFF,P3,P3,P3,OFF,SL,P3,OFF,P3,P3,P3,OFF,OFF,P3,P3,P3,OFF
50,0050,OFF,P3,P3,OFF,P3,P3,P3,P3,OFF,P3,P3,P3,P3,P3,OFF,OFF,OFF,OFF,P3,P3,P3,P3,AL,P3,P3,P3,OFF,P3
51,0051,P3,OFF,P3,P3,OFF,P3,P3,P3,OFF,OFF,P3,P3,P3,P3,P3,OFF,P3,OFF,AL,AL,OFF,P3,P3,OFF,P3,P3,P3,P3
52,0052,OFF,OFF,P3,P3,P3,SL,SL,OFF,OFF,P3,P3,P3,P3,P3,OFF,OFF,P3,P3,P3,P3,P3,OFF,OFF,P3,P3,P3,P3,P3
53,0053,P3,P3,P3,P3,OFF,P3,P3,P3,P3,OFF,P3,P3,P3,OFF,OFF,P3,P3,P3,OFF,P3,P3,P3,OFF,P3,P3,OFF,OFF,AL
54,0054,S7,S7,OFF,S7,S7,S7,OFF,P3,P3,P3,S7,S7,AL,AL,OFF,OFF,P3,S7,OFF,P3,S7,OFF,P3,P3,OFF,S6,S6,OFF
55,0055,AL,AL,OFF,P3,P3,P3,P3,OFF,P3,P3,OFF,P3,P3,P3,P3,OFF,OFF,P3,P3,P3,P3,OFF,P3,P3,P3,OFF,OFF,P3
56,0056,OFF,S7,S7,S7,OFF,M3,M3,OFF,S7,S7,OFF,M3,M3,M3,OFF,S7,S7,M3,M3,OFF,OFF,M3,M3,OFF,M3,M3,AL,AL
57,0057,AL,AL,OFF,P1,SL,M3,OFF,P10,P10,S7,M3,M3,OFF,P1,S7,OFF,S7,P10,P10,OFF,S2,S2,OFF,P3,P1,OFF,OFF,SL
58,0058,S2,S7,M3,OFF,OFF,P1,S2,S2,OFF,S2,S7,M3,SL,OFF,S7,M3,OFF,S2,S7,S7,M3,OFF,OFF,S2,S7,P10,OFF,S7
59,0059,M3,OFF,S7,S2,S2,S7,OFF,M3,M3,M3,OFF,OFF,S2,AL,OFF,S2,S7,M3,OFF,OFF,P10,P10,P10,M3,OFF,S7,S7,M3
60,0060,OFF,P3,P3,M3,M3,OFF,OFF,P1,P3,AL,AL,M3,OFF,S7,P4,OFF,S7,S7,M3,OFF,OFF,AL,AL,S7,M3,OFF,P10,P3
61,0061,OFF,S2,S2,S7,S7,S2,P1,OFF,S2,M3,M3,OFF,OFF,M3,M3,OFF,S2,S7,S7,M3,OFF,S7,S7,S7,S7,SL,OFF,OFF
62,0062,P3,S2,P3,OFF,P1,S2,S2,OFF,P1,P10,P10,OFF,P10,P10,OFF,P10,P10,OFF,AL,AL,OFF,P1,S2,OFF,OFF,P1,P3,P10
63,0063,P10,P10,OFF,P10,P1,S2,OFF,OFF,P1,P10,OFF,P10,P10,OFF,P10,P1,P1,S2,OFF,OFF,S2,S2,P1,P1,P10,OFF,S2,S2
64,0064,P1,P1,P1,P3,OFF,OFF,P3,P10,P10,OFF,P1,P1,P1,OFF,P1,P4,P10,P10,OFF,P1,P3,OFF,OFF,P3,P3,P3,P3,OFF
65,0065,P10,OFF,P10,P1,OFF,P1,P1,OFF,OFF,AL,AL,P4,P1,P1,OFF,P1,P3,P3,P1,OFF,OFF,P3,P3,P10,OFF,SL,P1,P10
66,0066,OFF,OFF,P1,P1,P1,P3,OFF,P3,P1,P1,P1,OFF,OFF,P1,P1,OFF,OFF,P1,P3,P3,P3,P1,OFF,P1,P3,P3,P3,P1
67,0067,P1,P1,S2,OFF,P3,P10,P10,OFF,OFF,P1,P4,P1,P4,P4,OFF,P1,P1,OFF,P10,P10,P1,OFF,P1,P3,P1,OFF,OFF,S2
68,0068,P1,OFF,P1,P1,OFF,P1,P1,P10,OFF,P1,P10,OFF,P1,P10,P1,OFF,OFF,P1,P1,P1,P1,P1,OFF,AL,P1,P1,P1,OFF
69,0069,S7,OFF,P10,M3,M3,OFF,S7,S7,OFF,OFF,P1,P1,OFF,P1,M3,M3,M3,OFF,S2,M3,M3,OFF,S7,M3,OFF,S7,M3,M3
70,0070,OFF,OFF,P3,P3,P3,P3,P3,OFF,P10,P3,P3,P3,P3,P3,OFF,OFF,P3,P3,P3,P3,OFF,OFF,P10,P3,P3,OFF,AL,AL
71,0071,S2,S5,S5,M3,OFF,OFF,PL,PL,M3,AL,AL,OFF,OFF,S7,P1,M3,M3,OFF,P1,P1,S5,OFF,OFF,M3,M3,M3,OFF,S5
72,0072,M3,M3,M3,OFF,OFF,S5,S5,S7,S7,M3,OFF,P10,S7,M3,M3,OFF,OFF,M3,M3,M3,M3,OFF,P1,P1,OFF,OFF,AL,AL
73,0073,OFF,P1,P1,S5,S7,OFF,M3,M3,OFF,OFF,S7,S7,M3,OFF,P10,S7,OFF,S7,S7,S5,OFF,M3,M3,OFF,P3,P10,M3,M3
74,0074,OFF,P10,P3,P3,P3,P3,OFF,OFF,OFF,P3,P3,P3,P3,OFF,OFF,P10,P3,P3,P3,P3,P3,OFF,AL,OFF,P3,P3,P3,P3
75,0075,P3,P10,OFF,P10,P10,M3,M3,OFF,OFF,P4,S2,S7,M3,OFF,S2,S7,M3,OFF,OFF,S7,S7,M3,M3,OFF,S2,S2,S2,OFF
76,0076,P3,P3,P3,OFF,P10,S2,S2,OFF,P3,P3,P3,P3,P3,P3,OFF,OFF,P10,P3,P3,OFF,P3,S2,OFF,OFF,P3,P10,OFF,P1
77,0077,OFF,OFF,P3,P3,OFF,S2,P3,P3,P3,S2,OFF,P3,P3,P3,AL,OFF,P3,P10,OFF,P3,S2,S2,OFF,OFF,P3,S2,S2,S2
78,0078,OFF,S5,S5,OFF,S5,S5,S5,S5,OFF,P3,P3,P3,P3,P3,OFF,OFF,P3,P3,P3,P10,OFF,OFF,OFF,TR,TR,TR,TR,TR
79,0079,S2,S2,S7,S7,S7,OFF,OFF,S2,S2,S7,S7,OFF,P4,M3,M3,OFF,OFF,S2,S2,M3,M3,OFF,P4,S2,S7,M3,OFF,P3
80,0080,OFF,P3,P3,P10,P10,S2,OFF,P1,P1,P1,OFF,OFF,P1,P4,P4,OFF,P1,P1,P4,P1,OFF,P1,P1,P4,P4,P4,OFF,P3
81,0081,P10,OFF,OFF,AL,AL,P3,P3,P3,P3,OFF,OFF,P4,P4,S2,OFF,P1,P4,P4,OFF,P4,P1,P4,P4,OFF,OFF,P1,P4,P4
82,0082,OFF,OFF,M3,M3,M3,M3,OFF,S7,S7,M3,M3,OFF,S2,S7,S7,M3,M3,OFF,P4,S2,OFF,S2,S7,S7,M3,OFF,OFF,AL
83,0083,OFF,S7,S7,M3,OFF,S7,M3,OFF,OFF,S7,S7,M3,OFF,S2,S7,S2,OFF,S2,S7,M3,M3,OFF,OFF,S2,S7,S7,M3,SL
84,0084,ML,ML,ML,ML,ML,ML,ML,ML,ML,ML,ML,ML,ML,ML,ML,ML,ML,ML,ML,ML,ML,ML,ML,ML,ML,ML,ML,ML
85,0085,P3,P10,OFF,P3,P3,P10,P10,AL,OFF,OFF,P1,P1,OFF,P1,P1,P4,OFF,OFF,P1,P1,P4,P4,OFF,P1,P1,OFF,P1,P1
86,0086,M3,M3,OFF,OFF,S2,S7,S7,OFF,P10,P4,P4,M3,M3,OFF,OFF,S7,S7,S7,S7,S7,OFF,OFF,S2,M3,OFF,S2,S7,S7
87,0087,S7,S7,AL,OFF,OFF,S2,M3,M3,OFF,S2,S2,S7,S7,OFF,AL,AL,OFF,P4,M3,OFF,S2,M3,OFF,OFF,S2,S7,M3,M3
88,0088,OFF,P1,P1,OFF,OFF,P1,P1,P1,P1,P1,OFF,P10,P10,P10,OFF,P1,P3,P3,P10,OFF,P10,P1,P1,P1,AL,AL,OFF,S2
89,0089,P1,OFF,OFF,P1,P1,S2,OFF,AL,AL,OFF,P1,P1,P1,P1,P1,OFF,P1,P10,P3,OFF,P1,P3,OFF,OFF,P1,P3,SL,SL
90,0090,S2,S2,OFF,M3,OFF,OFF,P10,S2,S2,M3,M3,OFF,S7,S7,M3,OFF,S2,M3,M3,OFF,OFF,P10,S5,M3,M3,OFF,AL,AL
91,0091,OFF,OFF,P3,P3,P3,P3,P3,OFF,OFF,P3,P3,P3,P3,OFF,OFF,P10,P3,P3,P3,P3,P3,OFF,OFF,P3,P3,P3,P3,P3
92,0092,OFF,OFF,P3,P3,P3,P3,P3,OFF,OFF,P3,P3,P3,P3,OFF,OFF,P10,P3,P3,P3,P3,P3,OFF,OFF,AL,P3,P3,P3,P3
93,0093,OFF,P10,P3,P3,P3,OFF,OFF,OFF,P10,P3,P3,P3,P3,P3,OFF,OFF,P3,P3,P3,P3,OFF,OFF,P10,P3,P3,P3,AL,AL
94,0094,AL,P1,P10,OFF,OFF,P1,P3,P3,P10,S2,OFF,P10,P3,S2,S2,OFF,P3,P1,P10,P3,OFF,OFF,AL,OFF,P1,P3,OFF,P3
95,0095,P1,P1,OFF,P1,P10,P1,AL,OFF,OFF,P1,P1,P1,OFF,P1,P10,OFF,P1,P1,P3,P4,P1,OFF,OFF,P3,P1,OFF,P1,P1
96,0096,OFF,P1,P3,P3,S2,OFF,OFF,P10,P3,P1,S2,SL,P10,OFF,AL,OFF,P3,S2,P3,OFF,S2,SL,OFF,OFF,S2,P10,P1,SL
97,0097,P3,P3,P10,OFF,OFF,P1,P1,P3,P3,OFF,P1,P3,P3,SL,OFF,P1,P1,OFF,P1,P3,P10,P10,OFF,P3,OFF,AL,AL,OFF
98,0098,OFF,P10,P3,P3,P3,P3,OFF,OFF,OFF,P3,P3,P3,AL,AL,OFF,OFF,P3,P3,P3,P3,OFF,OFF,P10,P3,P3,P3,P3,P3
99,0099,P10,P10,P1,OFF,P1,P10,P1,P1,OFF,OFF,P10,P10,P1,OFF,P1,P1,AL,AL,OFF,P1,OFF,P1,P1,P3,P4,P1,OFF,OFF
100,00100,OFF,AL,OFF,P1,P1,P3,S2,OFF,P3,P3,S2,OFF,P3,S2,OFF,P3,P10,P10,P10,OFF,OFF,P1,P1,P3,P3,P3,P3,OFF
101,00101,P3,P10,OFF,P3,P3,OFF,P1,P1,P3,P3,S2,OFF,P3,P3,P10,OFF,P3,P3,P10,OFF,OFF,P3,P10,OFF,P3,P3,OFF,P1
102,00102,OFF,OFF,P3,P3,P3,P3,P3,OFF,OFF,P3,P3,P3,AL,OFF,OFF,P10,P3,P3,P3,P3,P3,OFF,OFF,P3,P3,P3,P3,P3
103,00103,OFF,OFF,P3,P3,P3,P3,OFF,OFF,P10,P3,P3,P3,P3,OFF,OFF,P10,P3,P3,P3,P3,P3,OFF,OFF,P3,P3,P3,P3,P3
104,00104,OFF,OFF,TR,TR,TR,TR,TR,OFF,OFF,TR,SL,P3,P3,P3,OFF,OFF,P3,P3,OFF,P3,P3,P3,OFF,SL,P3,P3,P3,P3
105,00105,P1,P1,OFF,P3,P3,S2,S2,OFF,P1,P1,P10,P10,P10,OFF,OFF,P1,P10,OFF,P1,P1,P10,OFF,P1,P10,OFF,OFF,P1,P1
106,00106,OFF,OFF,P3,P3,P3,P3,OFF,OFF,AL,P3,P3,P3,P3,P3,OFF,OFF,P3,P3,P3,P3,OFF,P3,P10,S2,S2,OFF,P3,P3
107,00107,P10,P1,OFF,P1,P3,P10,OFF,P1,P3,OFF,P10,OFF,P10,P10,P1,P10,OFF,SL,P3,OFF,P10,SL,P3,AL,OFF,OFF,P3,P3
108,00108,P1,OFF,AL,AL,P1,P3,S2,S2,OFF,P1,P3,S2,OFF,OFF,P1,P3,P3,OFF,P1,P1,OFF,P3,SL,P3,OFF,OFF,P1,P3
109,00109,P1,P1,P1,P3,OFF,OFF,OFF,OFF,P3,P1,P1,P1,OFF,P3,P1,P1,P1,OFF,P3,P1,P3,OFF,P1,P3,P3,OFF,SL,P3
110,00110,OFF,OFF,P3,P3,P3,P3,AL,OFF,OFF,AL,P3,P3,P3,OFF,OFF,P10,P3,P3,P3,P3,P3,OFF,OFF,P3,P3,P3,P3,P3
111,00111,P10,OFF,P1,P3,P3,OFF,OFF,P1,P3,P1,OFF,P1,P10,OFF,P1,P1,P3,OFF,OFF,P1,P1,P1,SL,OFF,P1,P1,P3,P3
112,00112,OFF,OFF,TR,TR,TR,TR,SL,OFF,OFF,TR,P3,P3,P3,OFF,OFF,SL,P3,OFF,P3,P3,P3,SL,P3,P3,P3,OFF,AL,AL
113,00113,P3,P3,P10,OFF,P1,TR,TR,SL,OFF,TR,TR,TR,TR,TR,OFF,OFF,TR,TR,OFF,SL,P3,P3,OFF,OFF,OFF,P1,AL,AL
114,00114,P10,P10,OFF,P1,P3,OFF,P3,P3,P1,OFF,SL,SL,OFF,SL,SL,SL,P3,P3,OFF,P1,P1,OFF,P3,P3,AL,AL,OFF,OFF
115,00115,S2,OFF,OFF,S2,P10,S2,OFF,P1,P1,P1,P10,P10,OFF,OFF,P1,P1,S2,S2,OFF,P1,P1,P1,OFF,P10,P1,AL,OFF,SL
116,00116,OFF,AL,AL,OFF,P3,SL,TR,P1,OFF,TR,TR,TR,TR,TR,OFF,OFF,TR,TR,P3,P3,OFF,OFF,P3,P3,P3,P10,OFF,P3
117,00117,P3,P10,OFF,AL,AL,OFF,SL,P3,P10,P10,P3,P1,OFF,OFF,P10,P3,OFF,P3,SL,P10,P1,OFF,P3,P10,OFF,OFF,P3,S2
118,00118,OFF,OFF,EL,TR,TR,TR,SL,OFF,OFF,TR,TR,P3,OFF,P3,P3,OFF,P3,P3,P3,P3,P3,OFF,OFF,P3,P3,P3,P3,P10
119,00119,OFF,OFF,TR,TR,TR,TR,TR,OFF,OFF,TR,SL,OFF,P3,P3,P3,OFF,P3,P3,P10,OFF,P10,P10,OFF,P1,P3,P3,P3,SL
120,00120,OFF,OFF,S2,S2,S2,OFF,P3,S2,OFF,OFF,P1,P1,P1,P1,S2,OFF,P1,P10,P10,OFF,P1,P1,OFF,P1,P1,P1,P10,P10
121,00121,OFF,OFF,AL,AL,P3,P3,P3,OFF,OFF,P3,P3,P3,P3,OFF,OFF,P10,P3,P3,P3,P3,P3,OFF,OFF,P3,P3,P3,P3,P3
122,00122,OFF,OFF,TR,TR,TR,TR,TR,OFF,OFF,TR,P3,P3,P3,P3,OFF,OFF,P3,P3,P3,OFF,P3,P3,P3,P3,OFF,P3,P3,P3
123,00123,OFF,OFF,P3,P3,P3,P3,OFF,OFF,P10,P3,P3,P3,P3,OFF,OFF,P10,P3,P3,P3,P3,OFF,OFF,P10,P3,P3,P3,P3,P3
124,00124,OFF,OFF,TR,TR,TR,TR,TR,OFF,OFF,TR,P3,P3,P3,P3,OFF,P1,P3,P3,OFF,OFF,P1,P1,P3,P3,P3,OFF,P1,SL
125,00125,P3,P3,OFF,P1,P10,OFF,P3,P1,P1,OFF,P1,P1,P1,P3,OFF,P1,P3,P10,OFF,OFF,P1,P3,P10,OFF,P1,P3,OFF,P1
126,00126,P10,OFF,P10,P10,P1,P10,P1,P1,OFF,OFF,OFF,P1,P10,P10,P10,OFF,P10,P10,P4,OFF,OFF,P1,P1,P10,OFF,P1,P1,P1
127,00127,ML,ML,ML,ML,ML,ML,ML,ML,ML,ML,ML,ML,ML,ML,ML,ML,ML,ML,TR,TR,P3,OFF,OFF,P3,P3,P3,P3,P3
128,00128,S5,OFF,S2,SL,S5,OFF,P3,S5,OFF,S2,S5,OFF,S2,S5,M3,OFF,OFF,S2,P3,M3,OFF,S2,S5,AL,AL,S2,S5,OFF
129,00129,OFF,P10,S2,OFF,S2,S5,M3,M3,OFF,OFF,S2,S2,S2,S2,OFF,M3,OFF,P3,S2,S5,OFF,S5,S5,OFF,S5,AL,P10,M3
130,00130,S5,OFF,OFF,S2,M3,M3,OFF,S2,S5,S5,OFF,M3,M3,OFF,S2,S2,S2,OFF,P3,S5,M3,SL,OFF,OFF,S2,S5,M3,M3
131,00131,P10,OFF,S5,S5,S5,OFF,S5,S5,OFF,P3,P3,P3,P3,S5,OFF,OFF,SL,SL,SL,OFF,OFF,SL,S2,M3,OFF,S2,S2,S7
132,00132,M3,OFF,S5,M3,M3,OFF,OFF,S2,S5,S5,OFF,S5,S5,OFF,S2,S5,S5,M3,M3,OFF,OFF,S2,S5,M3,M3,OFF,S2,S5
133,00133,M3,OFF,S5,S5,OFF,AL,OFF,S5,S5,M3,OFF,S2,OFF,SL,S5,S2,OFF,AL,OFF,S5,M3,M3,OFF,SL,SL,P3,S5,S5
134,00134,M3,M3,OFF,S5,S5,M3,M3,OFF,S2,S2,S5,OFF,S2,P1,SL,OFF,OFF,P1,AL,OFF,AL,S5,M3,S5,OFF,S2,S2,OFF
135,00135,AL,S5,S5,S5,M3,OFF,S5,S5,OFF,OFF,S2,S5,S5,OFF,S5,S5,S5,S5,OFF,P3,S5,S5,OFF,OFF,SL,S5,S5,OFF
136,00136,M3,OFF,OFF,S2,S2,OFF,S5,M3,M3,AL,AL,OFF,OFF,S2,M3,M3,OFF,P10,S2,S5,OFF,P1,S2,OFF,P3,S5,M3,M3
137,00137,OFF,S2,S5,M3,S5,OFF,OFF,S5,S5,S5,M3,M3,OFF,S5,S5,OFF,OFF,S2,S5,SL,OFF,S2,S5,OFF,AL,AL,S5,S5
138,00138,M3,M3,OFF,S7,M3,M3,OFF,OFF,S7,M3,AL,OFF,AL,S5,S5,S5,OFF,P10,S2,S5,OFF,S5,M3,M3,OFF,P10,P10,OFF
139,00139,OFF,OFF,TR,TR,TR,TR,TR,OFF,OFF,TR,P3,P3,P3,P3,OFF,OFF,SL,SL,P3,P3,OFF,P3,P3,P3,P3,OFF,P3,P3
140,00140,P1,M3,M3,OFF,S2,SL,M3,M3,OFF,OFF,P3,S2,M3,AL,AL,OFF,P1,P1,SL,M3,M3,OFF,OFF,S2,M3,M3,OFF,S5
141,00141,OFF,OFF,P3,P3,P3,P3,P3,OFF,OFF,P3,P3,P3,P3,OFF,OFF,P10,P3,P3,P3,P3,AL,OFF,OFF,P3,P3,P3,P3,P3
142,00142,S5,S2,OFF,P3,P3,P3,P3,OFF,OFF,OFF,S5,S5,OFF,P3,P3,P3,SL,S7,S7,M3,M3,OFF,OFF,S2,S2,OFF,M3,M3
143,00143,OFF,OFF,TR,TR,TR,TR,TR,OFF,OFF,TR,P3,P3,P3,SL,OFF,OFF,P3,P3,P3,P3,P3,OFF,P3,P3,P3,P3,P3,OFF
144,00144,OFF,P10,P3,P3,P3,P3,OFF,OFF,OFF,P3,P3,P3,P3,P3,OFF,OFF,AL,AL,P3,P3,OFF,OFF,P10,P3,P3,P3,P3,P3
145,00145,OFF,OFF,TR,TR,TR,TR,SL,OFF,OFF,TR,TR,P3,P3,P3,OFF,OFF,AL,AL,S2,S2,S7,S7,OFF,S7,S7,S7,S7,S5
146,00146,AL,AL,OFF,S5,SL,M3,M3,OFF,S5,OFF,S5,S5,SL,M3,M3,OFF,S5,M3,M3,OFF,S5,S5,OFF,OFF,M3,M3,OFF,S7
147,00147,S5,OFF,M3,SL,OFF,OFF,AL,AL,M3,M3,M3,OFF,S2,M3,OFF,M3,S5,S5,S5,OFF,OFF,S2,M3,M3,OFF,S2,S5,M3
148,00148,M3,M3,OFF,S5,S5,M3,OFF,S5,M3,M3,OFF,S5,M3,M3,AL,OFF,OFF,AL,S2,M3,M3,M3,OFF,OFF,S5,M3,M3,OFF
149,00149,S5,OFF,S5,S5,M3,OFF,M3,SL,OFF,OFF,S5,S5,OFF,P3,S5,S5,OFF,S5,M3,M3,OFF,AL,OFF,TR,TR,TR,TR,TR
150,00150,OFF,S7,S7,OFF,S5,S5,M3,SL,OFF,S5,M3,M3,OFF,S5,S5,S5,S5,S5,OFF,SL,P10,OFF,S5,S5,M3,M3,OFF,S5
151,00151,OFF,OFF,SL,TR,TR,TR,TR,OFF,OFF,TR,P3,P10,M3,M3,OFF,S2,S2,S5,M3,OFF,OFF,S2,S5,OFF,P10,S2,S2,S5
152,00152,S2,S5,OFF,SL,S5,S2,OFF,P10,S2,OFF,S2,S2,OFF,OFF,M3,M3,OFF,S5,M3,M3,OFF,S2,P3,OFF,S2,SL,AL,AL
153,00153,OFF,OFF,TR,TR,TR,TR,TR,OFF,OFF,TR,P3,AL,AL,OFF,S5,M3,M3,OFF,SL,S2,S5,M3,OFF,S2,S5,OFF,M3,M3
154,00154,P10,M3,M3,OFF,P10,S2,S5,S2,OFF,S2,OFF,S2,S2,OFF,P3,P3,P10,S2,OFF,OFF,P3,P3,S2,SL,OFF,S2,S2,OFF
155,00155,OFF,OFF,TR,TR,TR,TR,OFF,OFF,S5,S5,S5,M3,M3,OFF,S2,S5,OFF,S2,M3,M3,OFF,S2,S5,OFF,S2,S2,S5,M3
156,00156,S7,OFF,P10,P10,S7,S7,OFF,OFF,P1,P10,OFF,S7,S7,S7,S7,OFF,P10,P10,P3,P4,OFF,OFF,S7,S7,OFF,S7,S7,S7
157,00157,OFF,OFF,P3,P3,P3,P3,P3,OFF,OFF,P3,P3,P3,P3,P3,OFF,OFF,OFF,P3,P3,P3,P3,OFF,P10,P3,P3,P3,P3,P3
158,00158,OFF,OFF,M3,M3,OFF,OFF,S5,S5,M3,OFF,S5,S5,S5,S5,M3,OFF,S2,S5,S5,M3,M3,OFF,OFF,P10,S2,S5,S5,S5
159,00159,OFF,OFF,P3,P3,P3,P3,OFF,OFF,AL,AL,OFF,P3,P3,P3,OFF,P10,P3,P3,P3,P3,OFF,OFF,SL,P3,P3,P3,P3,P3
160,00160,OFF,S5,M3,M3,OFF,S5,S5,OFF,S2,S2,S2,S5,S5,OFF,OFF,S5,S5,S5,S5,M3,M3,OFF,OFF,S2,S5,S5,M3,OFF
161,00161,S2,S5,S5,OFF,OFF,S2,SL,M3,AL,AL,OFF,OFF,S5,M3,M3,OFF,S2,S2,OFF,S2,M3,SL,OFF,S5,M3,M3,OFF,P10
162,00162,OFF,M3,M3,AL,AL,OFF,OFF,S2,S2,S5,OFF,S2,S5,OFF,S2,M3,M3,OFF,S2,S2,S5,OFF,S2,M3,M3,OFF,P10,S5
163,00163,OFF,P10,P3,P3,P3,OFF,OFF,OFF,P10,P3,P3,P3,P3,P3,OFF,OFF,P3,P3,SL,P3,OFF,OFF,P10,P3,P3,P3,P3,P3
164,00164,S2,OFF,P1,P1,M3,M3,OFF,OFF,S2,S5,M3,M3,OFF,OFF,P1,S2,M3,M3,OFF,S2,S7,OFF,S7,M3,M3,AL,OFF,AL
165,00165,P3,P3,OFF,OFF,P3,P3,OFF,AL,AL,OFF,S2,S2,S2,OFF,S2,S2,OFF,P1,P3,OFF,SL,P3,P3,P3,OFF,P3,P3,P3
166,00166,P10,SL,OFF,SL,SL,SL,S2,OFF,S2,P10,OFF,P1,P1,OFF,P10,P10,S2,OFF,OFF,P1,P1,P3,S2,OFF,P1,P3,P10,OFF
167,00167,P1,P3,P1,OFF,P3,P10,OFF,P1,P3,P3,OFF,OFF,P1,P3,P3,P10,OFF,P1,P3,P3,P10,P10,OFF,P1,P3,P10,S2,OFF
168,00168,S2,OFF,P10,P10,S2,P10,P10,OFF,OFF,AL,AL,P10,P10,P10,P10,OFF,P3,P3,OFF,OFF,P10,P10,P10,OFF,P10,P3,OFF,SL
169,00169,P3,P10,P1,P10,P3,OFF,OFF,P10,COL,OFF,P1,P3,P3,P3,OFF,P1,P3,S2,P10,OFF,OFF,P10,S2,S2,P3,SL,OFF,P3
170,00170,OFF,OFF,TR,TR,TR,TR,TR,OFF,OFF,SL,P3,P3,OFF,OFF,P3,P3,OFF,P3,P3,P1,AL,OFF,P3,P1,P1,P3,P3,S2
171,00171,AL,P1,P3,S2,OFF,P1,P3,S2,OFF,P3,P10,OFF,OFF,P1,P1,P1,P1,S2,OFF,P10,P10,OFF,P1,P10,S2,OFF,OFF,AL
172,00172,P3,P10,OFF,P1,P3,P1,OFF,P1,P3,OFF,P1,P3,P3,P3,OFF,AL,OFF,P3,P1,OFF,OFF,P1,P3,S2,OFF,P1,P3,S2
173,00173,OFF,OFF,TR,TR,TR,TR,TR,OFF,OFF,TR,P3,P3,OFF,P3,P3,OFF,P1,P10,OFF,P10,P3,P3,OFF,P1,P3,P1,AL,AL
174,00174,P3,OFF,P1,P10,OFF,OFF,S2,P10,P3,P10,P10,P10,OFF,OFF,P10,P3,P10,P3,OFF,P3,P10,OFF,P10,P10,OFF,P10,P3,S2
175,00175,P3,P10,OFF,S2,S2,OFF,S2,P10,P10,P10,OFF,P10,P10,OFF,P10,P10,P3,P10,OFF,P10,P10,SL,OFF,OFF,P10,P10,OFF,P10
176,00176,OFF,P1,P1,P10,S2,OFF,OFF,P1,P10,S2,OFF,P1,P1,OFF,P1,P1,P10,OFF,P1,P3,SL,P10,OFF,P1,P1,P10,OFF,P3
177,00177,P1,P3,P10,OFF,OFF,S2,P1,P10,P1,OFF,P1,S2,S2,OFF,AL,OFF,P1,P1,P10,OFF,P1,P1,OFF,P3,P10,OFF,P1,P1
178,00178,P3,P3,P10,OFF,SL,P3,OFF,P3,P3,P1,P10,OFF,OFF,OFF,SL,P10,OFF,P3,P10,P1,P3,P3,P10,P1,P10,AL,OFF,OFF
179,00179,S2,OFF,P1,P3,P10,OFF,P1,P3,OFF,P1,P3,P10,P10,P10,OFF,OFF,AL,P1,P3,S2,OFF,OFF,P1,S2,OFF,P1,P1,P10
180,00180,P1,P3,S2,OFF,P1,P3,P10,OFF,P1,P1,S2,OFF,OFF,P1,P3,P3,P3,P10,OFF,P1,S2,OFF,OFF,SL,P3,S2,OFF,P1
181,00181,OFF,OFF,TR,TR,TR,TR,OFF,OFF,P10,P10,P10,OFF,P1,P3,P3,P3,OFF,P1,P3,P3,P10,P10,OFF,P3,P3,OFF,P1,P3
182,00182,M3,OFF,AL,AL,S2,OFF,OFF,S5,S5,M3,M3,OFF,S2,S5,S5,OFF,OFF,M3,M3,OFF,P3,S5,S5,OFF,S2,SL,S5,M3
183,00183,S5,OFF,S2,S5,S5,OFF,P3,S5,OFF,S2,S5,OFF,S2,S5,OFF,S2,M3,SL,OFF,S2,S5,OFF,AL,OFF,P3,P3,P3,P3
184,00184,S5,S5,AL,OFF,AL,OFF,S5,S5,M3,M3,OFF,S2,S5,OFF,M3,M3,OFF,S2,S5,OFF,OFF,S2,M3,OFF,S2,S5,S5,S5
185,00185,M3,OFF,S5,S5,S5,OFF,M3,M3,OFF,OFF,M3,M3,OFF,S2,M3,M3,OFF,S5,M3,M3,M3,OFF,S5,M3,M3,OFF,S2,M3
186,00186,S5,S2,S5,OFF,S5,S5,S5,OFF,S2,S5,M3,M3,OFF,S5,SL,OFF,OFF,OFF,S2,S5,S5,OFF,S2,S5,S5,M3,M3,OFF
187,00187,M3,M3,OFF,S5,S5,S5,AL,AL,OFF,OFF,S5,M3,M3,OFF,S2,S5,M3,M3,OFF,S5,S5,OFF,S2,S5,M3,M3,OFF,S5
188,00188,S5,OFF,M3,M3,OFF,S5,S5,OFF,S5,S5,M3,M3,OFF,OFF,S2,S5,M3,M3,AL,AL,OFF,S5,M3,OFF,S2,S5,M3,OFF
189,00189,OFF,S5,S5,M3,M3,OFF,AL,OFF,AL,S2,M3,M3,OFF,S5,S5,OFF,M3,M3,OFF,OFF,S5,S5,OFF,TR,TR,TR,TR,TR
190,00190,OFF,AL,AL,OFF,M3,M3,OFF,S5,M3,M3,OFF,OFF,S5,S5,S5,M3,M3,OFF,S5,S5,S5,M3,OFF,S5,M3,M3,OFF,SL
191,00191,M3,M3,OFF,OFF,S5,S5,S5,S5,M3,OFF,S2,S5,S5,OFF,S2,S2,OFF,OFF,S2,S2,S5,S5,OFF,P10,S5,AL,OFF,S2
192,00192,OFF,S5,S5,M3,M3,OFF,S5,M3,OFF,OFF,S5,S5,S5,S5,M3,OFF,S5,S5,S5,S5,OFF,OFF,S5,S5,S5,OFF,AL,AL
193,00193,S5,S5,S2,OFF,OFF,S2,M3,OFF,S2,M3,M3,OFF,S2,S5,AL,AL,OFF,OFF,S2,S2,S5,M3,M3,OFF,S2,SL,S2,OFF
194,00194,SL,M3,M3,OFF,OFF,S5,M3,OFF,S5,S5,S5,OFF,M3,M3,OFF,S2,S5,M3,M3,OFF,OFF,S2,M3,M3,OFF,S2,S5,M3
195,00195,P3,P10,P10,OFF,OFF,P1,P1,P3,P10,AL,OFF,OFF,AL,S2,P4,P4,OFF,P1,P4,OFF,OFF,P4,P4,P4,P4,OFF,P1,P1
196,00196,P10,P10,OFF,P10,P10,P10,OFF,OFF,P10,P10,SL,P10,OFF,OFF,P10,P10,OFF,P10,P10,SL,SL,P10,OFF,OFF,P10,SL,P10,P10
197,00197,P3,OFF,P1,P10,P3,P3,P10,OFF,OFF,P3,P1,P10,OFF,S2,P3,P10,OFF,OFF,P10,SL,S2,P10,P10,P1,OFF,OFF,AL,AL
198,00198,OFF,OFF,TR,TR,TR,TR,OFF,OFF,P1,P3,P3,P3,P10,COL,OFF,P3,P3,OFF,P1,P10,OFF,P3,P1,P3,P3,OFF,P1,P3
199,00199,P3,OFF,P1,P1,P1,OFF,OFF,P1,P1,P4,OFF,P1,P1,P4,P1,OFF,OFF,AL,P1,P4,OFF,P1,P1,P1,P1,P1,OFF,P1
200,00200,OFF,P10,P3,OFF,OFF,OFF,P1,P1,P10,P10,P10,P10,OFF,AL,AL,P1,P1,OFF,OFF,P1,P10,P10,OFF,TR,TR,TR,TR,TR
201,00201,P1,OFF,OFF,P10,P10,P3,P10,P10,P10,OFF,P3,OFF,P10,P10,P3,AL,SL,P10,OFF,P3,P3,OFF,AL,OFF,P3,P3,OFF,P10
202,00202,OFF,AL,AL,OFF,P1,P1,P1,P1,OFF,P1,P10,OFF,OFF,P1,P1,P3,P3,P1,OFF,OFF,P1,P3,P3,P3,OFF,P1,P1,P3
203,00203,OFF,P10,P3,P3,P3,P3,OFF,OFF,OFF,P3,P3,P3,P3,P3,OFF,OFF,P3,P3,P3,AL,OFF,OFF,AL,P3,P3,P3,P3,P3
204,00204,P3,P3,P10,OFF,P1,P3,P10,OFF,OFF,P3,SL,P1,OFF,P3,P3,P10,OFF,AL,AL,P10,P10,P10,OFF,SL,P3,P10,S2,OFF
205,00205,OFF,OFF,AL,P10,P10,OFF,P10,P10,P10,OFF,OFF,P10,P10,OFF,P10,P10,SL,P10,OFF,P10,P10,P10,P10,P10,OFF,P10,P10,P10
206,00206,AL,AL,P1,P10,OFF,P1,P1,OFF,P1,P3,P3,OFF,P1,P3,P10,OFF,OFF,P1,P1,P3,OFF,OFF,P3,S2,OFF,P1,P3,SL
207,00207,AL,OFF,OFF,P1,P1,P1,OFF,P3,P3,P4,OFF,OFF,P1,P4,P4,P4,OFF,OFF,P1,P1,P4,P4,OFF,P1,P1,P4,P4,P4
208,00208,OFF,P10,P3,P3,P3,P3,OFF,OFF,OFF,OFF,P3,P3,P3,P3,OFF,P10,P3,P3,P3,P3,OFF,OFF,P10,P3,P3,P3,P3,P3
209,00209,OFF,OFF,TR,TR,TR,TR,OFF,P1,OFF,OFF,S2,P10,P1,S2,P1,OFF,S2,S2,OFF,P1,P1,OFF,S2,P1,P1,SL,SL,SL
210,00210,ML,ML,ML,ML,ML,ML,ML,ML,ML,ML,ML,ML,ML,ML,ML,ML,ML,ML,ML,ML,ML,ML,ML,ML,ML,ML,ML,ML
211,00211,OFF,P1,P10,P10,P10,OFF,OFF,P10,P10,OFF,S2,P1,S2,S2,P10,OFF,P10,P10,P10,AL,OFF,AL,OFF,OFF,S2,S2,S2,S2
212,00212,OFF,OFF,P4,P4,S2,P4,OFF,SL,P10,P4,OFF,OFF,P1,P4,P1,P4,P4,OFF,OFF,P10,P10,P10,P4,OFF,P4,SL,P4,P4
213,00213,P10,P1,OFF,SL,P1,TR,TR,OFF,OFF,TR,TR,TR,TR,TR,OFF,OFF,SL,S2,OFF,P1,P3,OFF,OFF,P3,P3,P3,P1,P1
214,00214,OFF,P1,P1,P10,OFF,OFF,P1,P1,P3,OFF,P1,P1,P1,P4,OFF,P1,P1,P1,OFF,P1,P1,P1,P1,OFF,OFF,P1,P1,P1
215,00215,P3,OFF,P3,P3,OFF,OFF,P1,P3,P10,P10,P3,P1,AL,OFF,OFF,P1,P10,OFF,P1,P3,P1,OFF,P1,P3,P3,P3,OFF,P3
216,00216,P1,P10,OFF,P1,P10,P10,P10,P10,OFF,OFF,AL,P10,P1,S2,P10,OFF,OFF,P1,S2,OFF,S2,P3,P3,OFF,P10,P10,OFF,S2
217,00217,OFF,OFF,P1,P1,P3,P3,P3,OFF,P1,P3,OFF,P1,P3,OFF,SL,P3,P3,OFF,P1,P3,P3,AL,OFF,OFF,AL,P3,P3,P3
218,00218,OFF,P3,P3,P1,OFF,P3,P3,OFF,P1,SL,P3,P10,P1,OFF,OFF,AL,P3,SL,OFF,P3,AL,P1,OFF,P1,SL,SL,OFF,SL
219,00219,P10,OFF,P1,P3,P10,OFF,OFF,P1,P3,OFF,P1,SL,S2,S2,OFF,P1,P10,P10,S2,OFF,OFF,P1,P1,P10,P10,OFF,P3,P10
220,00220,P3,OFF,P1,P3,P1,P1,OFF,OFF,AL,AL,OFF,P1,P1,OFF,P3,P3,OFF,SL,P3,OFF,P1,P1,OFF,TR,TR,TR,SL,TR
221,00221,P1,P1,P3,P3,OFF,P1,P1,OFF,OFF,P1,P1,P4,P4,P1,OFF,OFF,P1,P1,P4,P4,P1,OFF,P1,P1,P1,SL,OFF,OFF
222,00222,OFF,OFF,TR,TR,TR,TR,SL,OFF,OFF,TR,TR,P3,P3,OFF,P3,P3,P3,P3,P3,OFF,OFF,P3,P3,P3,OFF,P1,P1,P3
223,00223,P3,P3,S2,OFF,OFF,P3,P10,OFF,OFF,AL,P1,P1,P10,OFF,P1,P3,P3,P10,OFF,P10,P1,SL,S2,OFF,P10,P3,S2,OFF
224,00224,OFF,OFF,P10,P10,P10,OFF,P10,P10,P10,OFF,OFF,P10,P10,P10,OFF,P10,P10,P10,P10,OFF,P10,SL,SL,P10,P10,OFF,P10,P10
225,00225,OFF,P1,P3,P1,AL,AL,OFF,OFF,P1,P10,S2,OFF,P1,S2,S2,S2,OFF,OFF,P1,P3,P3,P1,OFF,P3,P3,P1,OFF,P1
226,00226,AL,AL,OFF,P3,P3,P10,OFF,P1,P3,P3,P10,S2,OFF,OFF,P1,P1,P1,P10,OFF,P1,P1,P3,P3,OFF,OFF,P10,OFF,P1
227,00227,OFF,OFF,P3,P3,P3,P3,P3,OFF,OFF,P3,P3,P3,P3,P3,OFF,OFF,P3,P3,P3,P3,P3,OFF,OFF,P3,P3,P3,AL,AL
228,00228,AL,AL,OFF,OFF,P10,P3,P10,P10,OFF,P1,P4,P4,P4,OFF,OFF,P1,P1,P4,OFF,OFF,P4,P1,P4,OFF,P4,P4,P1,P4
229,00229,P1,S2,S2,OFF,P1,P4,P4,OFF,OFF,OFF,P4,S2,P1,SL,SL,S2,OFF,P1,P1,P4,OFF,OFF,P3,P3,S2,OFF,AL,AL
230,00230,P10,S2,OFF,OFF,P1,P1,P10,OFF,P1,S2,OFF,P1,S2,P1,OFF,OFF,AL,AL,P1,P3,OFF,P10,S2,P1,P10,OFF,P3,SL
231,00231,OFF,OFF,TR,TR,TR,TR,AL,OFF,AL,OFF,P1,P1,P10,P1,OFF,P1,P1,P1,P1,OFF,OFF,P1,P1,OFF,P1,P1,P1,P1
232,00232,P3,OFF,P1,P1,P1,P10,OFF,OFF,P1,P1,AL,OFF,P3,P3,P3,P10,P3,OFF,P1,P1,P3,OFF,OFF,P1,SL,P10,P1,OFF
233,00233,P10,P10,OFF,OFF,P1,S2,S2,S2,OFF,P1,P3,P10,P10,OFF,OFF,SL,SL,P10,OFF,P1,P10,P10,S2,S2,OFF,OFF,P1,S2
234,00234,OFF,P10,P1,P3,P10,OFF,OFF,P10,P3,P10,OFF,OFF,P1,P3,P10,S2,OFF,P10,P3,P3,P10,P10,OFF,P3,P10,OFF,P3,P3
235,00235,OFF,OFF,P10,P10,P10,P10,P10,P10,OFF,OFF,P10,P10,OFF,P10,P10,P10,P10,OFF,P10,P10,P10,OFF,P10,P10,P10,P10,P10,OFF
236,00236,OFF,P1,P3,P1,OFF,P1,S2,SL,OFF,OFF,P1,P1,P10,P10,S2,S2,OFF,P1,OFF,AL,AL,S2,S2,S2,OFF,P3,P3,OFF
237,00237,P10,OFF,P10,P3,P3,OFF,OFF,AL,AL,P10,P10,OFF,P3,AL,P10,OFF,S2,S2,OFF,S2,S2,OFF,OFF,TR,TR,TR,TR,TR
238,00238,M3,M3,OFF,S7,S7,AL,AL,OFF,OFF,P10,S2,S2,S2,OFF,S7,S7,M3,OFF,OFF,S2,S2,S2,OFF,S2,S7,M3,M3,OFF
239,00239,S5,S5,OFF,P3,P3,TR,TR,P10,OFF,P3,P3,P3,P3,P3,OFF,OFF,P3,P3,P3,S2,P3,OFF,OFF,OFF,S2,S2,P10,OFF
240,00240,OFF,S7,S7,M3,OFF,S7,S7,S7,M3,OFF,OFF,S7,S7,S7,M3,OFF,S7,M3,M3,OFF,OFF,S2,S7,S7,S7,SL,OFF,S7
241,00241,SL,M3,M3,OFF,OFF,S2,S5,M3,M3,OFF,S2,S5,OFF,M3,M3,M3,OFF,S2,S2,S2,M3,AL,OFF,OFF,P10,S5,S5,OFF
242,00242,OFF,OFF,M3,M3,OFF,M3,M3,M3,M3,OFF,OFF,SL,M3,M3,M3,M3,OFF,M3,M3,M3,M3,OFF,OFF,M3,M3,M3,M3,M3
243,00243,M3,M3,OFF,S7,M3,OFF,OFF,M3,M3,OFF,S7,S7,M3,OFF,S7,S7,S7,M3,M3,OFF,S2,OFF,S7,M3,M3,M3,OFF,S2
244,00244,OFF,OFF,TR,TR,TR,TR,M3,OFF,OFF,S5,S5,S7,M3,M3,OFF,P10,M3,M3,OFF,S2,S7,S7,OFF,AL,AL,OFF,M3,M3
245,00245,OFF,OFF,TR,TR,TR,TR,TR,OFF,OFF,TR,SL,P3,P3,OFF,S7,P3,S2,S7,S7,OFF,S2,S7,S7,S7,P10,OFF,AL,OFF
246,00246,OFF,OFF,TR,TR,TR,TR,TR,OFF,OFF,TR,P3,P3,P3,P3,OFF,OFF,P3,P3,OFF,P3,P3,P3,P3,OFF,P3,P3,P3,P3
247,00247,OFF,OFF,S2,M3,M3,OFF,S7,S7,S7,M3,OFF,OFF,S2,S7,M3,OFF,S2,S7,S7,M3,M3,OFF,OFF,S2,S7,SL,SL,M3
248,00248,OFF,OFF,TR,TR,TR,TR,OFF,OFF,S5,S2,S2,S5,M3,M3,OFF,S2,S2,S5,OFF,S2,M3,M3,OFF,S2,S5,S5,S5,OFF
249,00249,OFF,OFF,S7,M3,M3,M3,OFF,S7,S7,S7,M3,OFF,OFF,S2,M3,M3,OFF,S2,S7,M3,M3,OFF,OFF,S2,S2,M3,M3,M3
250,00250,OFF,S2,S5,M3,OFF,TR,TR,OFF,OFF,TR,TR,TR,TR,TR,OFF,OFF,TR,SL,S2,S7,M3,M3,OFF,M3,M3,OFF,AL,AL
251,00251,M3,OFF,OFF,P10,S7,M3,M3,OFF,S7,SL,S7,OFF,S2,S7,S7,M3,M3,OFF,OFF,S2,S7,S2,OFF,S2,S7,SL,M3,OFF
252,00252,S2,M3,OFF,OFF,S2,S7,M3,OFF,S7,S7,S7,M3,OFF,OFF,S2,S7,S7,OFF,S2,S7,S7,M3,M3,OFF,OFF,SL,S7,M3
253,00253,AL,AL,OFF,OFF,S2,S7,S7,S7,OFF,S7,S7,M3,OFF,OFF,S2,S2,M3,OFF,S2,S2,S7,M3,M3,OFF,OFF,S2,S2,S7
254,00254,S7,S7,OFF,S2,S2,S7,OFF,OFF,S2,M3,M3,OFF,S7,S7,M3,OFF,M3,M3,OFF,OFF,S2,S2,M3,M3,M3,OFF,S7,S7
255,00255,OFF,S2,M3,M3,OFF,OFF,AL,P1,M3,M3,OFF,OFF,S5,S7,M3,M3,OFF,P1,M3,M3,OFF,SL,OFF,S7,S7,S7,M3,M3
256,00256,S7,S7,OFF,OFF,S2,S2,S7,S2,OFF,S7,S7,S7,S7,OFF,OFF,S7,S2,OFF,P4,SL,SL,SL,SL,OFF,OFF,AL,S2,S2
257,00257,M3,OFF,OFF,P10,S2,M3,OFF,S2,S2,S7,M3,M3,OFF,OFF,S2,S2,S7,M3,M3,OFF,S7,S7,M3,OFF,OFF,P10,S2,S7
258,00258,OFF,OFF,TR,TR,TR,TR,S5,OFF,OFF,S2,M3,M3,OFF,S2,S5,S5,S5,OFF,S5,S5,OFF,M3,M3,OFF,P10,S2,S5,M3
259,00259,S2,S5,OFF,S2,S2,COL,S5,S5,OFF,M3,M3,OFF,S5,S5,S5,OFF,S2,S5,S5,M3,M3,OFF,OFF,S2,S2,S5,S5,OFF
260,00260,S7,M3,OFF,OFF,P10,S7,SL,OFF,P10,S7,S7,M3,OFF,S2,M3,M3,M3,OFF,OFF,S2,S2,M3,M3,OFF,S7,M3,M3,OFF
261,00261,OFF,OFF,S2,S7,S7,OFF,S2,S7,M3,M3,OFF,OFF,S2,S7,S7,M3,SL,OFF,S2,S7,S7,M3,OFF,OFF,S2,S2,S7,M3
262,00262,S5,M3,OFF,S2,M3,M3,OFF,SL,S5,S5,S5,S5,OFF,OFF,S2,M3,M3,OFF,S2,S2,OFF,M3,M3,M3,OFF,OFF,AL,AL
263,00263,OFF,OFF,S2,S2,S7,M3,OFF,S7,S7,M3,M3,OFF,OFF,S2,S7,M3,M3,M3,OFF,S7,S7,S7,S7,M3,OFF,OFF,S2,S7
264,00264,OFF,S2,M3,M3,OFF,S7,S7,M3,OFF,OFF,SL,S7,M3,OFF,S7,S7,M3,OFF,S7,S7,M3,OFF,S2,S7,M3,OFF,S7,SL
265,00265,M3,OFF,S7,S7,S7,M3,M3,OFF,OFF,S2,S7,M3,OFF,S7,S7,S7,M3,OFF,OFF,S2,S7,M3,OFF,S7,S7,S7,SL,OFF
266,00266,OFF,OFF,TR,TR,TR,SL,TR,OFF,OFF,TR,TR,P3,P3,P3,OFF,AL,S2,S2,S2,OFF,S2,S2,S2,S2,S2,OFF,OFF,SL
267,00267,M3,OFF,OFF,S2,S7,M3,OFF,S7,S7,M3,M3,OFF,OFF,SL,S7,M3,M3,OFF,S7,S7,S7,S7,S7,M3,OFF,OFF,AL,AL
268,00268,S2,S2,S7,M3,OFF,S2,S2,SL,M3,OFF,OFF,S2,S2,OFF,S2,S7,S2,M3,OFF,OFF,S2,S2,S2,SL,OFF,S2,S2,OFF
269,00269,OFF,S5,S5,S5,OFF,TR,TR,S5,OFF,TR,TR,TR,TR,TR,OFF,OFF,TR,TR,S2,OFF,M3,M3,OFF,S2,S5,M3,SL,OFF
270,00270,S7,S7,M3,OFF,OFF,S2,M3,M3,OFF,S7,S7,S7,M3,OFF,OFF,S2,S7,M3,OFF,S2,S2,M3,M3,OFF,OFF,S2,S7,S7
271,00271,OFF,S2,S5,M3,M3,OFF,OFF,S2,S5,S5,S5,OFF,M3,M3,OFF,S2,S5,OFF,S5,S5,OFF,OFF,SL,TR,TR,TR,TR,TR
272,00272,M3,OFF,S7,S7,S7,AL,OFF,OFF,S2,S7,S7,OFF,S2,S7,M3,M3,OFF,S7,S7,OFF,S7,S7,OFF,S7,S7,S7,M3,S7
273,00273,S2,S2,M3,OFF,S7,S2,M3,OFF,OFF,S2,S2,M3,OFF,OFF,S2,S7,S7,S7,S7,S7,OFF,S2,S2,S7,S7,S7,OFF,OFF
274,00274,M3,M3,OFF,OFF,S7,S7,S7,M3,OFF,OFF,M3,M3,OFF,S7,S7,M3,M3,AL,AL,OFF,S7,S7,M3,M3,OFF,OFF,S7,M3
275,00275,OFF,P10,S5,OFF,P3,TR,TR,M3,OFF,TR,TR,TR,TR,TR,OFF,OFF,TR,TR,S2,OFF,S5,S5,OFF,S5,M3,M3,OFF,S5
276,00276,OFF,P1,P1,P3,OFF,OFF,P3,P3,P3,P3,P1,OFF,OFF,P1,P1,P10,OFF,P1,P1,P1,P3,OFF,P1,SL,P1,OFF,P1,P3
277,00277,P1,OFF,P1,P3,OFF,TR,TR,P1,OFF,TR,TR,TR,TR,TR,OFF,OFF,TR,TR,P1,OFF,P3,P1,OFF,P1,P1,OFF,P1,P1
278,00278,OFF,AL,P1,P1,P1,P3,P3,OFF,OFF,P1,P1,P1,OFF,P1,P1,OFF,OFF,P1,P3,SL,OFF,P1,P1,P1,P10,OFF,P1,P1
279,00279,P3,P3,P1,P1,P1,OFF,OFF,OFF,AL,AL,OFF,P1,P3,P3,OFF,P1,SL,OFF,P1,P1,P3,OFF,P1,P3,OFF,P1,P1,P1
280,00280,OFF,OFF,S2,S2,S2,SL,S2,OFF,OFF,S2,S2,AL,SL,SL,OFF,OFF,S2,S2,S2,S2,S2,OFF,OFF,S2,SL,S2,S2,S2
281,00281,P10,OFF,P10,P10,OFF,P1,P10,OFF,P10,P3,P3,OFF,P1,P10,P10,OFF,P10,P10,P10,P3,OFF,OFF,P1,P3,OFF,P3,P1,P10
282,00282,OFF,OFF,S2,S2,S2,S2,S2,OFF,OFF,S2,S2,S2,S2,S2,OFF,OFF,S2,S2,S2,S2,S2,OFF,OFF,S2,S2,S2,AL,AL
283,00283,P3,OFF,OFF,P1,P1,P3,P3,OFF,SL,P3,P10,OFF,OFF,P10,S2,P1,OFF,P1,SL,SL,P10,OFF,OFF,P1,P1,P3,P10,SL
284,00284,OFF,OFF,TR,TR,TR,TR,S2,OFF,OFF,P1,P3,P3,OFF,P3,P3,SL,AL,AL,P3,P10,OFF,OFF,P3,SL,OFF,SL,SL,SL
285,00285,OFF,OFF,TR,TR,TR,TR,OFF,OFF,P3,P3,OFF,P1,P3,P3,P1,OFF,OFF,AL,P3,P3,P3,P3,OFF,P1,P3,P1,P1,P3
286,00286,OFF,S2,S2,S5,S5,S2,OFF,OFF,S2,S2,OFF,S2,M3,M3,OFF,S2,S2,AL,AL,OFF,M3,M3,OFF,S2,S5,OFF,P10,S5
287,00287,OFF,OFF,S2,S2,M3,OFF,S7,M3,M3,OFF,P10,S7,M3,M3,OFF,S2,S5,OFF,OFF,S2,P10,M3,M3,OFF,S2,S5,M3,M3
288,00288,MAL,MAL,AL,AL,OFF,OFF,S2,S2,S2,OFF,SL,OFF,S5,S5,M3,M3,OFF,S5,M3,M3,OFF,S5,S5,S5,OFF,OFF,S2,S2
289,00289,M3,M3,M3,OFF,S2,M3,OFF,AL,AL,S2,S7,M3,OFF,OFF,S2,M3,M3,OFF,S2,S5,S5,S5,OFF,OFF,OFF,S2,S5,S5
290,00290,OFF,S2,M3,M3,OFF,OFF,S2,S5,S5,S5,M3,M3,AL,AL,OFF,OFF,M3,M3,M3,OFF,S2,S5,OFF,S2,S5,M3,M3,OFF
291,00291,M3,OFF,S7,S7,S7,AL,AL,OFF,OFF,S2,M3,OFF,S2,S7,S7,OFF,S2,S7,S2,S7,OFF,OFF,S2,S7,S7,S7,OFF,S7
292,00292,S7,S7,M3,OFF,OFF,P10,P10,SL,OFF,S2,M3,OFF,OFF,S2,S7,M3,OFF,S7,S7,S7,SL,OFF,OFF,S7,S2,S7,M3,M3
293,00293,S2,S7,M3,OFF,S2,S7,S7,M3,OFF,OFF,S2,S7,M3,M3,OFF,S7,S7,M3,OFF,OFF,AL,AL,S7,S7,OFF,S2,S7,OFF
294,00294,OFF,M3,M3,OFF,S2,S5,OFF,S2,S5,S5,S5,OFF,S2,M3,M3,OFF,S2,S5,S5,OFF,OFF,MAL,MAL,MAL,AL,AL,OFF,SL
295,00295,M3,M3,OFF,S5,S5,M3,M3,OFF,S5,S5,S5,OFF,OFF,S5,S5,M3,M3,OFF,S2,S5,S5,OFF,S2,AL,AL,OFF,OFF,S2
296,00296,S2,M3,M3,OFF,OFF,AL,AL,M3,M3,M3,OFF,S2,S5,OFF,S2,S5,M3,M3,OFF,S2,S5,OFF,S2,M3,M3,OFF,OFF,S5
297,00297,OFF,S2,S5,OFF,OFF,S5,S5,S5,M3,SL,OFF,S2,S2,OFF,AL,AL,OFF,S2,S5,M3,M3,OFF,P3,P10,S5,M3,M3,OFF
298,00298,OFF,S5,S5,OFF,S2,S2,AL,AL,OFF,OFF,S5,M3,M3,OFF,P3,S5,S5,OFF,M3,M3,OFF,M3,M3,SL,M3,M3,OFF,S5
299,00299,OFF,OFF,TR,TR,TR,TR,S5,OFF,OFF,S5,M3,M3,OFF,AL,AL,S2,S2,M3,M3,OFF,OFF,S5,S5,S5,OFF,P10,S2,M3
300,00300,OFF,OFF,TR,TR,TR,TR,OFF,OFF,S5,S5,S5,M3,M3,OFF,S2,S5,OFF,S2,M3,M3,OFF,S2,S5,M3,M3,OFF,P10,S5
301,00301,S5,OFF,SL,M3,M3,M3,OFF,AL,OFF,AL,M3,M3,M3,OFF,OFF,P3,M3,M3,OFF,M3,OFF,M3,M3,M3,M3,M3,M3,OFF
302,00302,P1,P1,P3,S2,OFF,OFF,P1,P3,P3,OFF,P1,P3,S2,OFF,P1,P3,P3,S2,OFF,AL,OFF,P1,P1,P3,P10,P3,OFF,P1
303,00303,P10,P10,OFF,OFF,P10,P10,P10,P10,OFF,P10,P10,P10,OFF,OFF,P10,SL,P10,OFF,P10,P10,P10,AL,AL,OFF,OFF,P10,P10,P10
304,00304,OFF,OFF,AL,OFF,P10,P3,P3,P3,SL,OFF,P3,P3,P10,P10,OFF,P3,P10,S2,P10,OFF,OFF,P10,P3,P10,P10,OFF,P10,SL
305,00305,P1,S2,OFF,OFF,P1,P4,OFF,P4,P4,S2,OFF,P1,P4,P4,P4,OFF,P1,P1,P4,P4,OFF,P1,P1,P4,P4,S2,OFF,P1
306,00306,P3,P10,OFF,OFF,P1,P10,P3,P3,OFF,S2,S2,S2,OFF,OFF,AL,AL,P1,P1,P3,S2,OFF,P3,P10,OFF,OFF,P10,P3,P10
307,00307,OFF,P1,P4,P4,S2,OFF,OFF,AL,AL,P1,P3,OFF,P1,P3,P3,P10,OFF,OFF,P1,P1,P3,P10,OFF,P1,P1,P10,P10,OFF
308,00308,P1,P3,P3,P10,OFF,OFF,P1,P3,P1,P10,AL,AL,OFF,OFF,P1,P3,P3,P3,OFF,P1,P1,P1,OFF,OFF,P1,P3,P1,OFF
309,00309,OFF,P1,P3,P10,OFF,OFF,P10,P10,P1,P3,P10,OFF,P10,P10,OFF,P3,P3,P10,OFF,P3,S2,P10,OFF,P10,S2,OFF,P1,P1
310,00310,OFF,P10,P10,P10,P3,P10,OFF,P3,P10,OFF,P10,P3,P10,S2,OFF,P3,P1,P10,P10,P10,P3,OFF,OFF,P10,P10,OFF,OFF,P1
311,00311,P3,P3,P10,OFF,OFF,P1,P3,P3,S2,OFF,AL,P1,P10,P1,OFF,OFF,P1,P10,SL,OFF,P1,P3,P10,S2,S2,OFF,OFF,P1
312,00312,OFF,OFF,TR,TR,TR,TR,TR,OFF,OFF,TR,P3,P3,P3,P3,OFF,OFF,P3,SL,P3,OFF,P3,P3,P3,P3,OFF,P3,P3,P3
313,00313,OFF,OFF,P10,P10,OFF,P10,P10,P10,P10,OFF,OFF,P10,P10,P10,P10,P10,OFF,P10,P10,P10,P10,OFF,P10,P10,P10,P10,P10,OFF
314,00314,P1,P4,S2,OFF,OFF,P1,P1,S2,OFF,P1,S2,S2,OFF,OFF,S2,P4,S2,P4,OFF,P1,P1,P4,S2,OFF,OFF,P1,P1,P1
315,00315,AL,OFF,AL,OFF,P1,P1,P4,OFF,P1,P4,P4,P4,OFF,OFF,P1,P4,P4,OFF,P1,P4,P4,OFF,P1,P1,P1,P4,SL,OFF
316,00316,P1,P1,OFF,P3,P3,P1,AL,AL,OFF,OFF,P1,P3,P1,OFF,P1,P1,P1,P3,OFF,P1,P3,P3,OFF,P1,P3,OFF,OFF,P1
317,00317,P3,OFF,OFF,P3,P10,P10,P3,P3,OFF,P3,P3,OFF,P10,P3,P10,OFF,P3,P3,P3,P10,OFF,AL,P3,P3,OFF,P10,P10,OFF
318,00318,OFF,P1,P1,P1,OFF,P1,P1,OFF,AL,OFF,P1,P4,P4,OFF,P1,P1,P1,P4,P4,OFF,P4,P4,OFF,OFF,P1,P1,P1,P1
319,00319,P10,S2,OFF,P1,P3,P1,OFF,OFF,P1,P1,P10,OFF,P1,P3,OFF,P1,P3,OFF,OFF,P1,P3,P1,AL,AL,OFF,P1,SL,P3
320,00320,AL,AL,OFF,P1,P3,P3,OFF,OFF,P1,P3,P3,P3,OFF,P1,P3,OFF,OFF,P1,P3,P3,OFF,P1,P1,P3,P3,OFF,P1,P1
321,00321,P1,P3,P3,OFF,P1,P1,P3,OFF,OFF,P1,P1,OFF,P1,P3,OFF,P1,P1,OFF,P1,P1,OFF,AL,AL,P1,P3,P1,OFF,P1
322,00322,P4,OFF,OFF,S2,P4,S2,OFF,P4,SL,P10,P10,P10,OFF,S2,SL,OFF,OFF,P1,P10,S2,OFF,TR,P10,OFF,P1,P1,P3,P1
323,00323,P3,P3,P1,OFF,OFF,P1,P3,SL,P1,OFF,OFF,P1,P3,P3,P3,OFF,P1,P1,P3,P10,OFF,OFF,P1,P3,P3,P10,OFF,SL
324,00324,P10,OFF,P10,P10,P10,P10,P10,OFF,OFF,P10,P10,P10,P10,SL,OFF,OFF,P10,P10,P10,OFF,P10,P10,P10,P10,P10,OFF,OFF,P10
325,00325,P1,P1,P3,P10,OFF,P1,P10,OFF,OFF,P1,P3,P10,OFF,P3,P10,OFF,P1,P3,SL,P10,P10,OFF,OFF,P1,P1,P10,OFF,P3
326,00326,OFF,OFF,TR,TR,TR,TR,P3,OFF,OFF,P1,P3,P3,OFF,P1,P3,P10,P1,OFF,P1,P1,P3,P1,OFF,OFF,AL,P1,P3,P3
327,00327,OFF,OFF,S2,S2,S2,OFF,S2,S2,P10,S2,OFF,OFF,P1,S2,P10,S2,OFF,S2,S2,S2,S2,OFF,OFF,P10,S2,P3,S2,S2
328,00328,P3,OFF,P3,P3,OFF,OFF,P1,P3,P1,OFF,S2,P3,S2,OFF,P1,P3,P10,OFF,OFF,P1,P3,P3,P10,S2,P3,OFF,AL,AL
329,00329,OFF,OFF,S7,S7,OFF,S7,S7,M3,M3,OFF,S2,S7,S7,S7,SL,OFF,S2,S7,S7,S7,M3,OFF,S2,S7,SL,M3,OFF,OFF
330,00330,OFF,OFF,P10,S2,S7,M3,M3,OFF,S7,M3,OFF,S7,M3,M3,OFF,OFF,S2,S7,M3,M3,OFF,S7,S7,M3,OFF,S7,S7,M3
331,00331,M3,OFF,OFF,S2,M3,M3,OFF,S5,S5,M3,OFF,SL,S5,AL,OFF,AL,S2,M3,OFF,S2,S2,M3,M3,OFF,OFF,S5,S5,S5
332,00332,S7,M3,OFF,S7,S7,OFF,S7,M3,M3,OFF,S2,S2,S7,S7,OFF,OFF,S2,S7,M3,AL,AL,OFF,OFF,S7,M3,M3,OFF,SL
333,00333,OFF,OFF,TR,TR,TR,TR,OFF,AL,AL,OFF,S2,M3,AL,OFF,S2,S5,M3,OFF,S5,M3,OFF,S2,M3,M3,OFF,S5,M3,SL
334,00334,S2,M3,M3,OFF,S2,SL,TR,M3,OFF,TR,TR,TR,TR,TR,OFF,OFF,TR,TR,OFF,OFF,AL,AL,S2,M3,OFF,S2,S2,OFF
335,00335,OFF,P1,P1,P1,P1,OFF,OFF,P1,P1,P3,OFF,SL,P3,P3,P3,OFF,OFF,P3,P3,P3,OFF,P3,P3,P3,P3,OFF,P3,P3
336,00336,S5,S5,AL,AL,OFF,OFF,S5,S5,M3,OFF,S5,S2,S5,M3,M3,OFF,S5,M3,M3,OFF,OFF,S2,S5,S5,OFF,S2,S2,OFF
337,00337,AL,AL,OFF,OFF,S2,S2,M3,M3,OFF,S5,M3,OFF,OFF,S2,S5,M3,OFF,S5,S5,S2,M3,OFF,OFF,S2,S5,SL,M3,M3
338,00338,S5,M3,OFF,S5,M3,M3,OFF,OFF,S2,S2,OFF,S2,S5,M3,M3,OFF,S5,S2,OFF,S5,S5,S5,PL,PL,AL,AL,OFF,M3
339,00339,OFF,S7,S7,OFF,S2,M3,M3,OFF,S7,S2,M3,M3,OFF,OFF,S7,S7,S7,OFF,M3,M3,OFF,AL,AL,M3,M3,M3,OFF,SL
340,00340,S7,M3,OFF,S7,S7,S7,M3,OFF,OFF,AL,OFF,S7,M3,M3,M3,M3,OFF,OFF,S2,S7,S7,M3,M3,OFF,S7,M3,M3,OFF
341,00341,OFF,OFF,TR,TR,TR,TR,TR,OFF,OFF,TR,TR,PL,OFF,PL,P3,P3,S7,SL,OFF,OFF,AL,AL,S2,S2,S2,S7,M3,OFF
342,00342,M3,M3,OFF,OFF,S5,S5,M3,SL,OFF,S5,S5,M3,OFF,S5,SL,SL,M3,OFF,S5,S5,OFF,OFF,AL,AL,S5,M3,M3,OFF
343,00343,S2,S2,S2,S2,OFF,P3,P3,S2,OFF,P3,P3,P3,P3,P3,OFF,OFF,P3,P3,P3,OFF,OFF,P3,P3,S2,OFF,P3,OFF,P3
344,00344,S2,M3,M3,OFF,OFF,SL,S2,S5,M3,OFF,AL,OFF,AL,S5,S5,S5,OFF,S5,S5,OFF,S2,SL,M3,M3,OFF,OFF,S2,S2
345,00345,S7,OFF,M3,M3,OFF,S7,S2,S7,M3,M3,OFF,OFF,S7,SL,SL,OFF,OFF,S7,S7,S7,M3,M3,OFF,P4,S7,S7,M3,OFF
346,00346,OFF,OFF,TR,TR,TR,TR,SL,OFF,OFF,TR,TR,P3,OFF,P3,OFF,OFF,S7,S2,S2,S7,S7,AL,AL,OFF,S2,S7,S7,SL
347,00347,OFF,OFF,S7,S2,S7,M3,OFF,S2,S2,S7,M3,OFF,S7,S7,S7,OFF,OFF,S2,S2,S7,OFF,S2,S2,S7,SL,M3,OFF,S2
348,00348,AL,AL,S5,S5,M3,M3,OFF,OFF,S5,M3,OFF,S5,M3,M3,OFF,M3,M3,OFF,OFF,M3,M3,OFF,S5,S5,M3,M3,M3,S5
349,00349,S7,S7,S7,S2,OFF,OFF,S2,S7,M3,OFF,S7,S7,M3,M3,OFF,S7,S7,S7,OFF,OFF,SL,S2,M3,OFF,S7,S7,S7,OFF
350,00350,S2,M3,M3,OFF,S2,TR,TR,OFF,OFF,TR,TR,TR,TR,TR,OFF,OFF,TR,TR,OFF,P10,S7,OFF,P10,P10,P10,M3,OFF,AL
351,00351,OFF,S2,S2,OFF,S7,S7,OFF,AL,AL,S7,M3,OFF,S7,S7,M3,OFF,S7,M3,M3,OFF,OFF,S7,S7,SL,M3,OFF,S2,S7
352,00352,M3,OFF,S7,S7,M3,OFF,OFF,S2,S7,M3,OFF,S2,S7,M3,OFF,S7,M3,M3,OFF,OFF,S2,S7,S7,M3,OFF,S2,S7,SL
353,00353,S5,S5,M3,M3,OFF,OFF,S2,S2,S5,OFF,S5,M3,M3,OFF,OFF,S2,M3,OFF,S2,M3,M3,OFF,OFF,S2,S2,S5,M3,M3
354,00354,SL,SL,M3,OFF,OFF,S2,S7,M3,OFF,S7,S7,S7,M3,OFF,OFF,S2,M3,OFF,S2,S7,S7,SL,OFF,OFF,S7,S7,S7,M3
355,00355,OFF,M3,M3,OFF,M3,M3,OFF,AL,AL,S2,S2,M3,M3,OFF,S2,S2,S7,M3,OFF,OFF,S2,S7,S7,OFF,S7,S7,M3,OFF
356,00356,OFF,S7,S7,M3,M3,OFF,S7,S7,M3,OFF,OFF,S2,S7,M3,SL,OFF,S2,S2,S7,M3,M3,OFF,OFF,S2,S7,M3,M3,OFF
357,00357,AL,AL,OFF,P10,S7,S7,S7,OFF,S7,M3,M3,OFF,OFF,S2,S7,S7,M3,OFF,S2,OFF,S7,M3,M3,OFF,S2,S2,S7,OFF
358,00358,OFF,M3,OFF,M3,M3,M3,OFF,S7,S7,S7,M3,M3,OFF,OFF,AL,AL,M3,M3,OFF,S7,S2,S7,M3,M3,OFF,OFF,S2,S7
359,00359,M3,OFF,COL,AL,OFF,TR,TR,S2,OFF,TR,TR,TR,TR,TR,OFF,OFF,TR,TR,M3,SL,OFF,OFF,M3,M3,OFF,S5,S5,S5
360,00360,M3,M3,OFF,S2,S5,S5,S5,OFF,S5,S5,OFF,S2,S5,OFF,M3,M3,OFF,AL,AL,OFF,S5,S5,S5,OFF,S2,M3,M3,OFF
361,00361,S7,S7,M3,OFF,OFF,M3,SL,M3,OFF,S2,S7,M3,OFF,OFF,S2,S7,S7,M3,OFF,S2,S7,S7,S7,S7,AL,AL,OFF,OFF
362,00362,AL,OFF,OFF,S2,S2,S5,OFF,SL,M3,M3,OFF,S2,S5,M3,OFF,AL,OFF,M3,M3,OFF,P3,SL,S5,S5,M3,M3,OFF,S2
363,00363,P1,S5,OFF,M3,M3,M3,OFF,OFF,S2,S2,M3,M3,OFF,OFF,S7,S7,M3,OFF,OFF,S5,M3,M3,OFF,TR,TR,TR,TR,TR
364,00364,M3,M3,OFF,S7,S2,S7,OFF,OFF,AL,AL,S2,S7,M3,OFF,S7,M3,OFF,S7,M3,OFF,OFF,S2,S7,S7,OFF,S2,S7,S7
365,00365,S5,SL,M3,OFF,S2,S2,S2,OFF,PL,PL,OFF,OFF,S7,S5,M3,SL,OFF,S5,S5,M3,M3,OFF,P10,S5,S5,M3,OFF,P3
366,00366,OFF,S2,S5,M3,OFF,OFF,S5,S5,M3,OFF,S5,M3,OFF,OFF,S2,S5,OFF,S2,S2,S5,S5,M3,AL,AL,OFF,S2,S5,M3
367,00367,P1,P3,P10,OFF,P1,P1,P1,P1,OFF,P1,P3,P1,OFF,OFF,P1,P3,OFF,P1,P1,P1,P1,P10,OFF,P1,OFF,OFF,AL,AL
368,00368,OFF,OFF,P3,P3,P3,OFF,P3,OFF,AL,P10,P10,P10,OFF,P10,P3,OFF,P1,P3,AL,OFF,P3,P1,SL,P3,OFF,P3,P3,P1
369,00369,S5,M3,M3,OFF,S5,S5,S5,OFF,S2,M3,OFF,S5,S5,M3,OFF,OFF,S2,S5,S5,OFF,S5,S5,OFF,P3,S5,OFF,M3,M3
370,00370,M3,OFF,P3,S2,OFF,TR,TR,OFF,OFF,TR,TR,SL,TR,TR,OFF,OFF,TR,TR,SL,M3,OFF,S7,M3,OFF,S2,S2,SL,M3
371,00371,AL,OFF,S2,S5,OFF,S2,M3,OFF,AL,OFF,S2,S2,S5,OFF,S2,S2,S5,OFF,M3,M3,OFF,OFF,P3,SL,TR,TR,TR,TR
372,00372,P1,OFF,P1,P3,P3,P3,P3,OFF,OFF,P1,P4,P4,OFF,OFF,P4,P1,P4,OFF,P1,P4,P4,OFF,OFF,P4,P4,P1,P4,P4
373,00373,P1,P3,OFF,P1,P3,OFF,OFF,P1,P1,OFF,P1,P1,P4,OFF,P1,P1,P4,P4,OFF,P1,P1,P4,P4,P4,OFF,OFF,AL,AL
374,00374,P1,P1,P3,P3,OFF,OFF,P1,P10,P3,OFF,OFF,P1,SL,P10,P1,OFF,P1,P3,P3,OFF,OFF,P1,P3,P3,SL,P1,OFF,P1
375,00375,P1,OFF,TR,TR,TR,TR,TR,OFF,OFF,TR,P3,OFF,P1,P1,P1,SL,OFF,P1,P3,P3,P3,OFF,OFF,P1,P1,P3,P1,OFF
376,00376,OFF,P1,P1,P3,P10,OFF,OFF,P1,P1,P10,OFF,P3,P3,S2,OFF,P3,P1,P3,P10,OFF,P3,P1,OFF,P1,P3,OFF,SL,S2
377,00377,S5,OFF,S5,S5,S5,M3,OFF,OFF,P3,P3,P3,P3,S2,P3,OFF,OFF,P3,P3,P3,OFF,OFF,S5,S5,S5,S5,S5,S5,OFF
378,00378,OFF,S7,SL,SL,OFF,OFF,S2,S2,S2,OFF,S2,S7,S7,SL,OFF,S2,S2,S7,OFF,OFF,S2,S7,S7,S7,M3,OFF,S2,S2
379,00379,OFF,OFF,S6,P10,S6,S6,S6,OFF,OFF,P3,P4,P4,P4,P4,OFF,OFF,AL,AL,P3,P3,P3,OFF,OFF,P3,P3,P3,S6,S6
380,00380,M3,M3,OFF,OFF,S2,S2,S7,M3,OFF,AL,AL,S2,S7,S7,OFF,S7,S7,S2,M3,OFF,OFF,S7,M3,M3,OFF,S7,S7,OFF
381,00381,S7,M3,OFF,S2,M3,M3,OFF,OFF,S7,M3,OFF,S7,M3,M3,OFF,AL,AL,S2,S7,M3,M3,OFF,OFF,S2,S2,M3,M3,OFF
382,00382,OFF,OFF,TR,TR,TR,TR,TR,OFF,OFF,TR,TR,P3,OFF,P3,P3,P3,OFF,S2,S2,S2,S7,S2,OFF,OFF,P10,S2,S2,M3
383,00383,P1,OFF,P3,P3,OFF,TR,TR,P3,OFF,TR,TR,TR,TR,TR,OFF,OFF,TR,TR,P10,OFF,P1,P3,OFF,OFF,P1,P3,P1,P1
384,00384,S2,S2,M3,OFF,OFF,S7,M3,OFF,S7,S7,S7,M3,OFF,S2,S7,OFF,S2,M3,OFF,S2,S7,S7,M3,OFF,OFF,P4,S2,S2
385,00385,M3,M3,OFF,OFF,P1,P1,M3,M3,OFF,P10,S5,S5,M3,M3,OFF,OFF,S7,S7,S7,OFF,M3,M3,OFF,OFF,P10,S2,S7,S7
386,00386,OFF,P10,P1,P1,OFF,P1,P3,OFF,P1,P3,OFF,P1,P1,P1,P1,OFF,OFF,P1,P1,P1,P3,P3,OFF,OFF,AL,AL,SL,SL
387,00387,OFF,S2,S2,OFF,P1,P3,P3,P3,OFF,P10,P10,OFF,TR,P3,OFF,P1,S2,OFF,AL,AL,OFF,P1,P1,P3,P3,S2,OFF,P1
388,00388,OFF,OFF,AL,AL,P1,S2,S2,P10,OFF,P1,P1,S2,OFF,P10,P10,OFF,P3,P3,P3,S2,OFF,OFF,S2,P1,P1,P1,P3,OFF
389,00389,S7,OFF,S2,S2,S5,OFF,S5,M3,OFF,P3,P3,P3,P3,P3,OFF,OFF,P3,P3,P3,P3,P1,OFF,OFF,P10,P10,P3,S2,OFF
390,00390,P1,OFF,M3,M3,OFF,P3,P1,S7,OFF,OFF,P10,S5,S7,OFF,M3,M3,OFF,S2,S2,S5,M3,M3,OFF,S2,S5,M3,M3,OFF
391,00391,OFF,S7,S5,OFF,P3,M3,M3,OFF,P10,S2,M3,M3,OFF,S5,S7,OFF,P1,M3,M3,OFF,S5,S5,S5,M3,M3,OFF,OFF,P3
392,00392,OFF,P1,P3,S5,M3,OFF,OFF,P10,S7,S5,S7,OFF,M3,M3,OFF,P10,M3,OFF,OFF,P3,P1,S2,M3,OFF,S2,S5,S5,M3
393,00393,M3,M3,OFF,P3,S2,S5,OFF,P1,M3,M3,OFF,P3,P10,OFF,OFF,S7,S5,SL,SL,M3,OFF,OFF,P10,S5,OFF,P3,S2,S5
394,00394,S2,OFF,P1,P10,S2,S2,AL,OFF,OFF,AL,P1,P1,S2,OFF,OFF,P1,P1,P3,P1,OFF,OFF,P1,P1,P1,OFF,P1,P3,SL
395,00395,S5,OFF,S5,SL,M3,M3,OFF,OFF,S2,S5,OFF,S5,M3,OFF,S2,S2,S5,SL,OFF,S2,S5,OFF,P3,P10,S5,M3,M3,OFF
396,00396,OFF,P1,P1,S2,M3,M3,OFF,AL,AL,OFF,M3,SL,OFF,P3,P3,M3,M3,OFF,OFF,S2,S2,M3,M3,OFF,M3,M3,OFF,P3
397,00397,OFF,S2,S2,S5,OFF,M3,M3,AL,OFF,OFF,AL,S2,M3,M3,OFF,SL,M3,M3,OFF,P10,S5,OFF,P10,S5,M3,M3,OFF,P10
398,00398,P1,P3,P10,OFF,P3,P3,OFF,P1,P3,OFF,OFF,P10,P3,P10,S2,OFF,OFF,P3,P3,OFF,P1,P3,P3,OFF,P10,P3,P3,P10
399,00399,AL,OFF,AL,OFF,P1,P1,P3,P10,OFF,P1,P3,P3,P1,OFF,OFF,P3,P3,P3,P10,OFF,P1,P3,OFF,OFF,P1,P1,P3,P1
400,00400,OFF,P3,P3,P3,P10,P3,OFF,OFF,P1,P3,OFF,P3,P3,P3,OFF,P1,P1,OFF,P1,P3,P1,OFF,OFF,TR,TR,TR,TR,TR
401,00401,P1,OFF,P1,P3,OFF,OFF,P1,P10,P10,P10,OFF,OFF,P1,P1,P10,P10,P1,OFF,P1,SL,S2,OFF,P1,P1,P10,S2,S2,OFF
402,00402,M3,OFF,OFF,S2,S5,S5,M3,M3,OFF,S2,S5,OFF,S2,M3,M3,OFF,OFF,S2,S5,S5,OFF,P3,S5,S5,OFF,P10,S5,M3
403,00403,M3,OFF,S2,M3,OFF,OFF,P1,P1,M3,M3,OFF,P3,S2,M3,M3,OFF,OFF,SL,M3,OFF,P3,P3,S2,OFF,S2,S2,M3,M3
404,00404,OFF,OFF,OFF,P3,P3,P3,P3,OFF,P10,P3,P3,AL,AL,OFF,OFF,OFF,SL,P3,P3,P3,P3,OFF,P10,P3,P3,P3,SL,SL
405,00405,OFF,OFF,P3,P3,P3,P3,P3,OFF,OFF,P3,P3,P3,P3,P3,OFF,OFF,P3,P3,P3,P3,P3,OFF,OFF,P3,P3,P3,P3,P3
406,00406,OFF,OFF,P3,P3,P3,P3,P3,OFF,OFF,P3,P3,P3,P3,P3,OFF,OFF,AL,AL,P3,P3,P3,OFF,OFF,P3,P3,P3,P3,P3
407,00407,OFF,OFF,P3,P3,P3,P3,P3,OFF,OFF,OFF,P3,P3,P3,P3,OFF,P10,P3,P3,P3,P3,OFF,OFF,P10,P3,P3,P3,P3,P3
408,00408,OFF,OFF,P3,P3,P3,P3,OFF,OFF,SL,SL,SL,SL,SL,OFF,OFF,SL,P3,P3,P3,SL,OFF,OFF,P10,P3,P3,P3,P3,P3
409,00409,P10,P10,P10,M3,OFF,OFF,P3,S7,M3,OFF,OFF,S2,S2,S7,M3,OFF,OFF,S2,S7,S7,M3,M3,OFF,S7,M3,M3,OFF,S7
410,00410,S2,S5,S2,M3,OFF,OFF,S5,M3,SL,OFF,S2,S5,S2,OFF,OFF,S5,S5,S5,M3,M3,OFF,S5,S5,S5,M3,M3,OFF,OFF
411,00411,OFF,OFF,M3,M3,M3,OFF,S7,S7,M3,M3,OFF,OFF,S2,S7,S7,M3,OFF,S2,S7,M3,M3,M3,OFF,OFF,SL,S7,M3,M3
412,00412,OFF,P10,S2,S7,M3,OFF,OFF,P10,S7,M3,OFF,S2,S7,S7,M3,OFF,OFF,S2,S7,S7,M3,OFF,S7,S7,S7,OFF,P10,S7
413,00413,OFF,OFF,TR,TR,TR,TR,OFF,OFF,S5,S5,S5,OFF,S2,S5,SL,S5,OFF,S2,M3,M3,OFF,S5,S5,S5,M3,OFF,SL,S5
414,00414,OFF,P1,P10,OFF,P1,P10,OFF,P1,P10,P10,OFF,OFF,P1,P10,S2,S2,P10,OFF,SL,P1,P3,P10,S2,OFF,OFF,P1,P10,P10
415,00415,P4,OFF,OFF,S2,S2,S2,OFF,P1,P1,P1,OFF,OFF,S2,S2,P4,S2,OFF,OFF,P1,P1,P4,S2,OFF,P1,P4,P4,P4,SL
416,00416,OFF,P4,P4,P1,OFF,OFF,P4,P4,S2,OFF,P1,P1,P4,P4,OFF,P1,P1,P1,P4,OFF,OFF,P1,P4,P4,S2,OFF,P1,P1
417,00417,P10,P1,OFF,OFF,P1,P1,P3,P1,OFF,P1,P3,P10,OFF,P1,P3,OFF,OFF,P1,P3,P10,OFF,P1,P3,OFF,P3,P3,P3,P3
418,00418,P10,OFF,P10,P10,P10,OFF,OFF,P10,P10,P10,P10,OFF,P10,P10,P10,OFF,OFF,P10,P10,P10,OFF,P10,P10,P10,P10,OFF,P10,P10
419,00419,OFF,OFF,P1,P1,P3,P3,SL,OFF,P3,P10,OFF,OFF,COL,COL,ITM,P10,P10,OFF,P10,P10,P3,P10,OFF,OFF,P1,P1,P10,P3
420,00420,OFF,OFF,S2,S2,S2,S2,S2,OFF,OFF,S2,S2,S2,S2,S2,OFF,OFF,S2,S2,S2,S2,S2,OFF,OFF,TR,TR,TR,TR,TR
421,00421,OFF,OFF,P10,S2,S7,M3,M3,OFF,S7,M3,OFF,S7,S7,M3,OFF,OFF,S2,S7,M3,M3,OFF,S7,S7,S7,M3,OFF,S2,S7
422,00422,OFF,S5,OFF,S5,M3,M3,OFF,S5,S5,S5,S5,S5,OFF,SL,M3,OFF,S5,S5,OFF,OFF,S5,M3,OFF,TR,TR,TR,TR,TR
423,00423,S2,S5,S5,S5,M3,OFF,M3,M3,OFF,SL,S2,S5,M3,M3,OFF,OFF,S5,M3,OFF,P10,S2,OFF,S2,M3,M3,OFF,OFF,S2
424,00424,S2,OFF,OFF,P1,P10,P10,OFF,P1,P1,P10,S2,OFF,P3,P1,OFF,P10,P10,OFF,P1,P10,P10,OFF,OFF,P1,P1,P3,P10,P10
425,00425,OFF,OFF,P1,P3,P10,OFF,P1,P3,P10,S2,OFF,OFF,P1,P3,P1,P10,OFF,P1,P1,P1,P1,OFF,OFF,SL,SL,P10,P10,P3
426,00426,OFF,OFF,P1,P3,SL,S2,OFF,P1,P3,P3,P3,S2,OFF,OFF,P10,P3,S2,OFF,P1,P3,P3,OFF,P1,P1,P3,P10,P3,OFF
427,00427,S7,S7,M3,OFF,OFF,S2,S2,M3,OFF,S7,S7,M3,M3,OFF,OFF,S7,S7,S7,S7,S7,S7,OFF,M3,M3,M3,OFF,OFF,S2
428,00428,SL,M3,M3,OFF,S7,S2,OFF,OFF,S2,S7,S7,OFF,S7,M3,OFF,SL,S7,OFF,OFF,SL,S7,M3,M3,OFF,S2,S2,S7,S7
429,00429,M3,M3,OFF,SL,S5,S5,OFF,S2,S5,OFF,SL,M3,OFF,S5,M3,M3,OFF,S2,SL,OFF,P10,M3,M3,OFF,S2,S5,S5,OFF
430,00430,P1,P3,P3,OFF,P1,P10,P10,OFF,OFF,P1,SL,TR,TR,TR,OFF,P4,TR,TR,SL,P3,OFF,OFF,P1,P1,P4,OFF,OFF,P1
431,00431,P10,P10,S7,M3,OFF,S7,S7,S7,M3,OFF,OFF,M3,M3,M3,OFF,S2,S2,S7,S7,OFF,OFF,SL,SL,OFF,S7,S7,OFF,S7
432,00432,OFF,OFF,TR,TR,TR,SL,TR,OFF,OFF,TR,TR,P3,OFF,P3,OFF,P3,S2,S2,S7,SL,OFF,S7,S2,S2,S7,OFF,P3,S2
433,00433,P10,S2,M3,M3,OFF,S7,S7,M3,OFF,S7,S7,OFF,S7,S7,SL,OFF,OFF,S2,S2,M3,OFF,S2,S2,M3,M3,OFF,OFF,S2
434,00434,P1,P3,P10,P3,OFF,OFF,P1,P10,P10,P3,OFF,P1,P1,P3,P3,P10,OFF,P1,P10,OFF,OFF,P1,P3,P1,OFF,P1,P10,OFF
435,00435,OFF,P1,P1,P3,OFF,OFF,P1,P3,P3,P4,OFF,P1,P4,OFF,P1,P1,P4,OFF,OFF,P1,P4,P4,S2,OFF,S2,P4,P4,S2
436,00436,P10,P10,OFF,OFF,S2,SL,P10,S2,OFF,P1,P1,P10,S2,OFF,S2,P1,P10,SL,S2,OFF,OFF,S2,P10,P10,OFF,P10,P3,OFF
437,00437,P3,P3,OFF,OFF,P3,P1,P1,P1,OFF,P1,P1,P1,P3,OFF,OFF,P1,P4,OFF,P1,P4,P4,OFF,OFF,P1,P1,P1,P4,P4
438,00438,P1,P3,P1,OFF,P3,P3,P1,OFF,P1,P1,OFF,P1,P3,P3,OFF,P1,SL,OFF,SL,SL,SL,OFF,P1,P3,OFF,P3,P10,OFF
439,00439,P3,P3,P3,OFF,OFF,P3,P10,P1,OFF,OFF,P3,P3,P10,P10,OFF,P3,P1,P3,OFF,P3,P3,P3,P1,OFF,OFF,P3,P10,P10
440,00440,P1,P3,P10,OFF,P1,P1,P10,OFF,OFF,P1,P10,P10,OFF,OFF,P1,P10,P10,OFF,P1,P3,P10,OFF,OFF,P1,SL,SL,SL,SL
441,00441,P10,P10,OFF,P3,P3,OFF,S2,S2,P10,OFF,P3,P3,OFF,P1,P1,P3,P3,OFF,P1,P3,P3,OFF,P10,P1,OFF,OFF,P10,P3
442,00442,OFF,S2,S2,OFF,S2,S2,OFF,M3,M3,M3,OFF,S2,S2,OFF,S5,M3,S5,OFF,S5,S5,M3,OFF,OFF,TR,TR,TR,TR,TR
443,00443,OFF,S7,S7,S7,M3,OFF,OFF,S2,S2,S7,M3,OFF,S7,S7,S7,M3,OFF,S7,S7,M3,M3,OFF,OFF,P10,S2,M3,OFF,S7
444,00444,SL,OFF,P10,P10,P10,OFF,M3,M3,OFF,S7,S7,S7,S7,AL,OFF,OFF,S2,S7,M3,M3,OFF,S2,S2,M3,OFF,OFF,S2,M3
445,00445,M3,OFF,PL,PL,M3,OFF,OFF,S2,S2,S2,M3,OFF,P3,M3,M3,OFF,OFF,M3,M3,OFF,S5,S5,OFF,TR,TR,TR,TR,TR
446,00446,P3,P10,OFF,P1,OFF,P10,P3,P3,OFF,P1,P3,P10,OFF,OFF,P1,P1,P3,P3,P1,OFF,P1,P3,P3,P10,OFF,OFF,P1,P1
447,00447,P1,P3,P10,OFF,P1,P3,S2,OFF,OFF,P1,P10,S2,OFF,P1,P10,P10,OFF,OFF,P10,P10,P10,OFF,P1,P10,P10,S2,S2,P10
448,00448,S2,S2,OFF,P3,P1,OFF,OFF,P1,S2,P10,P10,OFF,P1,P1,P3,P3,S2,OFF,OFF,P1,S2,P10,P10,OFF,P1,P1,S2,OFF
449,00449,S2,OFF,P3,P10,OFF,OFF,P1,P3,P3,OFF,P1,P1,OFF,P10,P3,P1,P3,P1,OFF,OFF,P1,P3,P3,P1,P1,OFF,P1,P3
450,00450,OFF,OFF,P1,P10,P10,OFF,P3,P10,S2,S2,OFF,OFF,P1,P3,P10,P1,OFF,P1,P10,P1,OFF,P1,P1,P10,OFF,P1,P1,P1
451,00451,P10,OFF,P1,P3,P10,OFF,OFF,P3,P3,P10,OFF,P1,P10,S2,OFF,P10,P3,P10,OFF,OFF,P3,P3,P10,P10,OFF,P1,P1,P3
452,00452,OFF,OFF,TR,TR,TR,TR,TR,OFF,OFF,TR,TR,P3,P3,P3,OFF,OFF,P3,P3,OFF,P3,P3,P3,P3,OFF,P3,P3,SL,P10
453,00453,S7,M3,M3,OFF,OFF,P10,P10,S7,M3,OFF,S7,S7,S7,S7,SL,OFF,OFF,S2,S2,S7,S7,OFF,S2,M3,M3,OFF,OFF,P10
454,00454,OFF,OFF,TR,TR,TR,TR,S5,OFF,OFF,S2,S5,S5,S2,M3,OFF,S2,S2,S5,OFF,P3,M3,M3,OFF,S5,M3,M3,OFF,S5
455,00455,OFF,OFF,S7,S7,M3,M3,M3,OFF,S7,S7,S7,S7,M3,OFF,OFF,S7,S7,M3,M3,M3,OFF,OFF,S7,S7,SL,SL,OFF,S7
456,00456,M3,M3,OFF,OFF,S2,S7,S2,OFF,S7,M3,M3,OFF,OFF,S7,S7,M3,OFF,S7,S7,M3,M3,OFF,OFF,S2,S2,S7,S7,M3
457,00457,M3,OFF,S5,S5,S5,S5,S5,OFF,OFF,S5,M3,OFF,M3,M3,M3,OFF,OFF,M3,M3,OFF,S5,S5,S5,S5,S5,OFF,S2,S2
458,00458,S5,S5,M3,OFF,S5,SL,M3,OFF,OFF,M3,M3,OFF,S5,S5,M3,OFF,S5,M3,M3,OFF,OFF,SL,S2,M3,M3,OFF,S5,S5
459,00459,OFF,OFF,TR,TR,TR,TR,TR,OFF,OFF,TR,TR,P3,P3,OFF,S7,S7,S7,OFF,OFF,S2,S2,S7,S7,OFF,S2,S2,S7,S7
460,00460,P1,OFF,P1,P1,P3,P1,OFF,OFF,P1,P3,P1,OFF,P1,P1,P3,OFF,OFF,P1,P3,OFF,P1,P3,P1,P1,P3,OFF,P1,SL
461,00461,OFF,P10,P10,OFF,OFF,P1,P3,P10,P10,OFF,P1,P4,P4,P4,OFF,OFF,P4,P1,P1,P4,OFF,P1,P4,P4,P1,OFF,P1,P4
462,00462,OFF,P1,P3,P3,OFF,P1,P3,P3,OFF,OFF,P1,P3,P3,P1,P1,OFF,OFF,P1,P1,OFF,P1,P1,P1,P3,OFF,P3,P1,P1
463,00463,P1,P1,P3,P3,OFF,P1,P1,P3,OFF,OFF,P1,P10,OFF,P1,P3,P1,P3,P3,OFF,P1,P10,OFF,P1,P1,P3,P10,S2,OFF
464,00464,P1,P1,P1,OFF,P3,P3,P1,OFF,OFF,SL,P3,P10,P3,OFF,P1,P1,P3,P3,OFF,P1,SL,OFF,P1,P3,P3,P1,OFF,OFF
465,00465,P1,P3,P3,OFF,OFF,P1,P1,P3,OFF,OFF,P1,P3,P10,OFF,P1,P3,P10,P10,OFF,OFF,P1,P1,P3,P3,OFF,P1,P1,P1
466,00466,P3,OFF,OFF,P1,P3,P3,OFF,P1,P1,P4,P4,OFF,P1,P1,OFF,OFF,P1,P4,P4,OFF,P1,P4,P4,S2,OFF,P1,P4,P4
467,00467,OFF,P3,P3,OFF,P3,P3,S2,OFF,P3,P3,P3,P3,P10,P10,OFF,OFF,P3,S2,OFF,OFF,P1,P1,OFF,TR,TR,TR,TR,TR
468,00468,S2,P10,P10,P10,OFF,OFF,P3,P10,P10,S2,OFF,P3,P10,P10,SL,S2,OFF,OFF,P10,P10,OFF,S2,P10,P10,P10,S2,OFF,P1
469,00469,P10,OFF,P10,P10,P10,P10,OFF,OFF,P10,P10,P10,OFF,P10,OFF,P10,P10,P10,P10,P10,OFF,OFF,AL,P10,P10,P10,P10,OFF,P10
470,00470,P3,P3,OFF,P1,P1,SL,OFF,P1,P1,P3,P3,P3,P3,OFF,OFF,P3,P1,P10,OFF,P1,SL,P3,P10,OFF,P1,P10,S2,OFF
471,00471,P1,P1,P3,P10,OFF,OFF,P1,P1,P3,OFF,P1,P3,SL,P10,OFF,OFF,P1,P3,P3,P10,OFF,P1,P1,P1,OFF,OFF,P1,P1
472,00472,M3,M3,OFF,OFF,P10,S2,S7,M3,OFF,S2,S7,M3,OFF,OFF,S2,S7,S7,OFF,S2,S7,S7,M3,M3,OFF,OFF,S2,S7,M3
473,00473,OFF,OFF,TR,TR,TR,TR,TR,OFF,OFF,TR,TR,P3,P10,P3,OFF,P10,S2,S7,S7,S7,OFF,OFF,S2,M3,M3,M3,OFF,S2
474,00474,OFF,OFF,S2,S7,M3,OFF,S7,S7,M3,OFF,OFF,SL,SL,M3,OFF,S7,S7,S7,M3,M3,OFF,S7,S7,M3,M3,OFF,S2,S7
475,00475,P4,OFF,P1,P1,P4,P4,P1,OFF,OFF,P4,P4,OFF,P1,P1,P1,OFF,P1,P1,OFF,OFF,P1,P1,P1,P4,P4,OFF,P1,P1
476,00476,OFF,P1,P1,P4,P4,OFF,OFF,P1,P4,OFF,P1,P4,P1,P1,OFF,P1,SL,P4,OFF,OFF,P1,P4,P4,OFF,P1,P1,P4,P4
477,00477,OFF,P1,P3,P3,P3,P3,P10,OFF,OFF,OFF,P10,P3,P10,OFF,P3,P10,OFF,SL,P3,OFF,P3,P3,P10,OFF,P1,P1,P3,P1
478,00478,OFF,P1,P3,P10,OFF,OFF,P1,P3,P1,S2,OFF,P1,P3,P10,P10,OFF,P3,P10,OFF,P1,P1,P1,P10,P10,OFF,OFF,AL,AL
479,00479,S7,M3,OFF,S7,M3,OFF,OFF,S2,S7,M3,OFF,S7,S7,M3,OFF,OFF,S2,S7,M3,OFF,S2,S7,S7,OFF,S2,S7,S7,M3
480,00480,S7,S7,S7,M3,M3,OFF,OFF,SL,M3,OFF,OFF,S7,M3,OFF,S7,S7,SL,M3,M3,OFF,S7,S7,S7,S7,M3,OFF,OFF,M3
481,00481,P10,P10,OFF,P1,P1,P3,OFF,OFF,SL,P3,P10,S2,OFF,P3,S2,P10,P10,OFF,P3,P10,P10,OFF,OFF,P10,P3,OFF,P10,P3
482,00482,P1,P10,OFF,P1,SL,S2,SL,OFF,S2,P10,OFF,P1,P3,S2,P10,OFF,P1,P3,OFF,OFF,S2,P10,S2,OFF,P1,P3,OFF,S2
483,00483,OFF,OFF,S2,S7,M3,OFF,S2,P10,P10,M3,M3,OFF,OFF,S2,S2,S2,M3,OFF,S7,S2,M3,M3,OFF,OFF,P10,S7,S2,P10
484,00484,OFF,P3,S2,S5,OFF,M3,M3,OFF,P3,S2,OFF,P3,P1,S5,OFF,S2,M3,M3,OFF,OFF,S5,SL,OFF,TR,TR,TR,TR,TR
485,00485,P3,P1,P1,P3,P10,OFF,OFF,SL,P3,P10,OFF,P1,P1,OFF,P10,P10,OFF,P10,P10,P10,OFF,P3,P10,P10,P10,OFF,OFF,SICK
486,00486,OFF,P1,P1,P3,P3,OFF,OFF,P1,P1,OFF,P1,P1,P1,P1,OFF,OFF,P1,P3,P3,OFF,P1,P1,P3,OFF,P3,P1,P3,P1
487,00487,OFF,P3,P3,SL,OFF,P3,P10,OFF,P1,P3,OFF,P1,P3,P3,SL,OFF,OFF,P3,P3,OFF,P1,P3,OFF,P3,P1,P3,P3,SL
488,00488,SL,OFF,OFF,P1,P1,P3,P10,P10,OFF,SL,P1,P3,P3,OFF,P3,OFF,P10,OFF,P3,P3,P3,OFF,P3,OFF,P3,SL,P3,P3
489,00489,P3,OFF,P1,P3,OFF,P3,S2,OFF,P3,P3,P3,P1,OFF,P3,P3,OFF,P3,P1,P3,P1,P1,OFF,OFF,OFF,P1,P3,P3,P3
490,00490,P3,P10,OFF,P3,P3,P10,S2,OFF,P1,P3,P10,OFF,OFF,P3,P3,P3,OFF,P1,P3,P1,P3,OFF,OFF,P3,P3,P3,P10,OFF
491,00491,P10,OFF,OFF,P1,P1,P1,P3,P1,OFF,P1,OFF,P3,P1,P1,OFF,P1,OFF,P1,SL,OFF,P1,P1,P1,P1,OFF,P1,P1,SL
492,00492,P1,P3,P1,OFF,P1,OFF,SL,P3,P10,OFF,P3,P3,P3,OFF,P1,P3,P10,OFF,OFF,P1,P3,P3,SL,P3,OFF,OFF,P10,P3
493,00493,SL,P3,P10,OFF,P3,P10,OFF,SL,P3,P10,P3,OFF,OFF,P3,P3,P10,SL,P1,OFF,OFF,OFF,P3,P10,P3,P3,P10,OFF,SL
494,00494,P3,OFF,P3,P1,OFF,MAL,MAL,MAL,OFF,OFF,P3,P10,OFF,P1,P1,P10,P1,P3,OFF,OFF,P10,P3,P3,P3,P10,SL,OFF,P3
495,00495,P3,OFF,TR,TR,TR,TR,TR,OFF,OFF,TR,P3,P3,P3,OFF,P1,P3,OFF,OFF,P3,P3,P3,P3,P3,OFF,P3,P3,P3,OFF
496,00496,OFF,P3,P3,P10,P10,OFF,P1,P3,OFF,P3,P10,OFF,P1,P10,OFF,P3,P3,OFF,P3,P10,S2,OFF,P1,P3,P10,OFF,P1,P1
497,00497,P1,P3,P10,OFF,P1,P3,S2,OFF,P3,P3,P3,P3,OFF,P10,OFF,P3,P3,P3,P1,OFF,OFF,P3,P3,P10,OFF,OFF,P3,P3
498,00498,OFF,P3,P3,P1,OFF,OFF,S2,P3,P3,S2,OFF,P1,P3,OFF,P1,P3,P10,OFF,P1,P3,P10,OFF,P3,P3,P3,SL,OFF,P1
499,00499,P10,OFF,P3,P3,P10,P3,P1,OFF,OFF,OFF,P3,P3,OFF,P1,P3,P1,P3,OFF,P3,P3,P3,P1,OFF,OFF,P3,P3,P10,P10
500,00500,P1,P1,P1,P1,OFF,P1,P1,OFF,P1,P1,OFF,P1,P1,P1,OFF,P1,P1,OFF,OFF,P1,P1,P1,SL,OFF,P1,P1,OFF,P1
501,00501,S2,OFF,P3,P1,SL,P1,S2,OFF,P1,P3,P1,OFF,OFF,S2,P10,SL,P3,OFF,P3,P3,OFF,S2,P1,P3,OFF,P10,S2,OFF
502,00502,P10,OFF,TR,TR,TR,TR,TR,OFF,OFF,TR,P3,OFF,P1,P3,P3,OFF,P10,OFF,P1,P3,S2,OFF,P3,P3,OFF,P1,P3,P3
503,00503,S2,S2,OFF,OFF,P1,P1,P1,P1,P1,P3,P1,OFF,P1,P1,OFF,OFF,P1,P1,OFF,P1,P1,P3,OFF,P3,P1,OFF,P1,P3
504,00504,OFF,S2,S2,M3,M3,OFF,SL,S5,OFF,M3,M3,OFF,OFF,P3,S5,S5,OFF,P3,S5,S2,OFF,S5,M3,M3,OFF,S2,S2,S5
505,00505,M3,OFF,M3,M3,M3,OFF,M3,M3,OFF,M3,M3,M3,M3,OFF,OFF,M3,S5,OFF,M3,M3,OFF,S2,M3,M3,M3,OFF,M3,M3
506,00506,OFF,SL,S5,M3,OFF,S5,S5,SL,OFF,OFF,M3,M3,M3,OFF,S5,S5,S5,OFF,M3,M3,M3,OFF,S2,S5,S5,OFF,S2,S5
507,00507,M3,OFF,OFF,S2,S2,M3,M3,OFF,S5,S5,S5,OFF,S2,S2,S2,OFF,OFF,P3,M3,M3,OFF,S2,S2,S5,OFF,S5,S5,S5
508,00508,S5,OFF,OFF,S2,S5,S5,OFF,M3,M3,OFF,S2,S5,SL,OFF,S5,S5,S5,OFF,S2,S5,OFF,M3,M3,OFF,M3,M3,M3,M3
509,00509,OFF,S5,S5,S5,OFF,M3,M3,OFF,M3,M3,OFF,M3,M3,M3,OFF,S2,S2,S5,OFF,OFF,S2,S5,M3,M3,OFF,P10,S2,S5
510,00510,S2,S5,S5,OFF,OFF,S2,S5,M3,M3,OFF,S2,S5,OFF,P10,S2,S2,M3,OFF,S2,S5,M3,OFF,S2,S5,P10,S2,S5,OFF
511,00511,OFF,S5,S2,S5,OFF,P10,S5,OFF,S2,S5,OFF,P3,M3,OFF,P3,P10,S5,OFF,S2,S5,S2,OFF,S5,S2,S5,OFF,P10,P10
512,00512,OFF,OFF,SL,SL,P3,P3,P3,OFF,OFF,S2,S5,OFF,P3,M3,M3,OFF,S2,P3,S5,OFF,M3,M3,OFF,S2,S5,S5,S2,S5
513,00513,OFF,S2,S2,M3,SL,OFF,OFF,S5,M3,OFF,M3,M3,OFF,P3,P3,S2,S2,M3,OFF,S5,M3,M3,OFF,S2,S5,S5,OFF,SL
514,00514,OFF,OFF,TR,TR,TR,TR,TR,OFF,OFF,TR,P3,S5,S5,OFF,OFF,S5,M3,M3,OFF,S2,S5,S5,OFF,S5,S2,S5,S5,M3
515,00515,OFF,OFF,M3,M3,OFF,S5,S5,S5,M3,OFF,SL,S5,S5,OFF,S5,M3,M3,OFF,S2,S5,S5,S5,OFF,OFF,P10,S5,M3,M3
516,00516,OFF,S2,S5,M3,OFF,OFF,S5,S5,M3,M3,OFF,S2,S5,OFF,P3,M3,M3,M3,M3,OFF,OFF,S2,S5,S5,OFF,P10,S5,SL
517,00517,M3,M3,OFF,S2,S5,M3,M3,OFF,S5,S5,S5,OFF,OFF,P10,S5,S5,S5,OFF,S2,S5,S5,OFF,S2,S2,S2,OFF,OFF,P3
518,00518,S5,OFF,M3,M3,S5,OFF,OFF,M3,M3,M3,OFF,S2,S2,OFF,M3,M3,M3,OFF,OFF,S2,S2,S2,M3,M3,OFF,S2,S2,SL
519,00519,P3,S2,OFF,P1,P1,P10,P10,OFF,P1,P1,OFF,P1,P1,S2,OFF,P1,P3,OFF,P3,P1,P10,OFF,P1,P3,OFF,P3,P3,P3
520,00520,OFF,OFF,TR,TR,TR,TR,S2,OFF,OFF,P10,P10,P10,P10,S2,OFF,P10,P3,P10,OFF,OFF,P3,P3,P10,OFF,P3,P3,P3,P10
521,00521,OFF,P1,P10,P10,P10,P10,OFF,OFF,S2,P10,P10,OFF,S2,P10,P10,OFF,S2,P10,OFF,P10,S2,OFF,OFF,TR,TR,TR,TR,TR
522,00522,OFF,P10,S2,P10,OFF,TR,TR,P3,OFF,TR,TR,TR,TR,TR,OFF,OFF,SL,TR,P3,P10,S2,OFF,OFF,P10,P10,P10,OFF,P1
523,00523,S5,M3,M3,OFF,P3,TR,TR,M3,OFF,TR,TR,TR,TR,TR,OFF,OFF,TR,TR,S5,M3,M3,OFF,OFF,S2,S5,S5,S5,OFF
524,00524,P3,P1,OFF,OFF,SL,SL,SL,P10,P10,OFF,P1,P3,P3,P10,P10,OFF,P3,P3,OFF,OFF,P10,P3,P10,OFF,P3,P3,OFF,P1
525,00525,P1,OFF,OFF,S2,S2,OFF,P1,P10,P3,OFF,P1,P10,OFF,P1,P3,P3,P10,OFF,P10,S2,P10,P10,OFF,OFF,P1,P3,P3,P10
526,00526,OFF,S2,P3,OFF,P10,P10,P10,OFF,S2,P3,P10,OFF,P10,S2,OFF,P10,P1,P10,OFF,P10,S2,OFF,S2,S2,P1,AL,OFF,AL
527,00527,P10,OFF,P3,S2,OFF,S2,TR,P3,OFF,TR,TR,TR,TR,TR,OFF,OFF,TR,TR,P3,OFF,S2,OFF,P1,P3,OFF,P1,P3,P10
528,00528,M3,OFF,M3,M3,M3,M3,OFF,OFF,P10,S2,OFF,S2,S5,S5,S5,OFF,OFF,S5,S5,M3,M3,OFF,OFF,TR,TR,TR,TR,TR
529,00529,OFF,P1,S2,OFF,P10,TR,TR,P1,OFF,TR,TR,TR,TR,TR,OFF,OFF,TR,TR,P10,P3,OFF,OFF,P1,P3,OFF,P1,P3,P10
530,00530,OFF,M3,M3,OFF,S2,TR,SL,M3,OFF,TR,TR,TR,TR,TR,OFF,OFF,TR,TR,S5,OFF,M3,M3,OFF,S2,S5,M3,M3,OFF
531,00531,P3,OFF,P10,P10,OFF,P10,S2,P10,OFF,OFF,P1,P10,P10,OFF,P10,P10,P10,OFF,SL,P3,OFF,SL,P3,P3,P3,OFF,P10,P10
532,00532,OFF,OFF,TR,TR,TR,TR,P3,OFF,OFF,P10,P3,OFF,P10,S2,S2,P10,P10,OFF,P10,P10,S2,P10,OFF,P10,P10,OFF,P10,SL
533,00533,P10,OFF,P3,P1,OFF,P1,TR,P3,OFF,TR,TR,TR,TR,TR,OFF,OFF,TR,TR,P3,P3,P1,OFF,OFF,P1,P3,OFF,P1,P3
534,00534,OFF,OFF,P10,P1,P3,P1,P1,OFF,P3,P3,P1,OFF,P3,P10,P3,OFF,OFF,P3,P1,P1,OFF,P1,P3,OFF,P1,P3,P3,P10
535,00535,S5,S5,OFF,S2,SL,S5,M3,OFF,S2,M3,M3,OFF,M3,S5,OFF,S5,SL,S5,OFF,OFF,P3,S2,M3,OFF,PL,S5,PL,OFF
536,00536,P3,P3,OFF,P1,P1,P3,P3,P3,OFF,P1,P1,OFF,P3,P1,P1,OFF,P1,P3,P10,OFF,OFF,P3,P1,P1,OFF,P3,P10,OFF
537,00537,M3,OFF,OFF,M3,M3,M3,OFF,S5,S5,OFF,S2,S5,OFF,S5,M3,M3,OFF,S5,S5,S5,OFF,S5,S5,M3,M3,OFF,P10,S5
538,00538,OFF,OFF,S2,S5,S5,SL,OFF,OFF,S5,M3,M3,OFF,S5,S5,S5,S2,S5,OFF,P10,S2,S5,OFF,S2,S2,S2,S5,S5,OFF
539,00539,OFF,P3,P3,P1,OFF,P1,P3,OFF,P1,P3,P3,OFF,OFF,P1,P1,P3,OFF,P1,P3,OFF,P3,P3,OFF,TR,TR,TR,TR,TR
540,00540,0,0,0,0,0,0,0,0,0,0,0,0,0,0,0,0,0,0,0,0,0,OFF,OFF,S7,S7,S7,S7,S7
541,00541,0,0,0,0,0,0,0,0,0,0,0,0,0,0,0,0,0,0,0,0,0,OFF,OFF,S7,S7,S7,S7,S7
542,00542,0,0,0,0,0,0,0,0,0,0,0,0,0,0,0,0,0,0,0,0,0,OFF,OFF,S7,S7,S7,S7,S7
543,00543,0,0,0,0,0,0,0,0,0,0,0,0,0,0,0,0,0,0,0,0,0,OFF,OFF,S7,S7,S7,S7,S7
544,00544,0,0,0,0,0,0,0,0,0,0,0,0,0,0,0,0,0,0,0,0,0,OFF,OFF,P3,P3,P3,P3,P3
545,00545,0,0,0,0,0,0,0,0,0,0,0,0,0,0,0,0,0,0,0,0,0,OFF,OFF,P3,P3,P3,P3,P3
546,00546,0,0,0,0,0,0,0,0,0,0,0,0,0,0,0,0,0,0,0,0,0,OFF,OFF,P3,P3,P3,P3,P3
547,00547,0,0,0,0,0,0,0,0,0,0,0,0,0,0,0,0,0,0,0,0,0,OFF,OFF,P3,P3,P3,P3,P3
548,00548,0,0,0,0,0,0,0,0,0,0,0,0,0,0,0,0,0,0,0,0,0,OFF,OFF,P3,P3,P3,P3,P3
549,00549,0,0,0,0,0,0,0,0,0,0,0,0,0,0,0,0,0,0,0,0,0,OFF,OFF,P3,P3,P3,P3,P3
550,00550,0,0,0,0,0,0,0,0,0,0,0,0,0,0,0,0,0,0,0,0,0,OFF,OFF,P3,P3,P3,P3,P3
551,00551,0,0,0,0,0,0,0,0,0,0,0,0,0,0,0,0,0,0,0,0,0,OFF,OFF,P3,P3,P3,P3,P3
552,00552,0,0,0,0,0,0,0,0,0,0,0,0,0,0,0,0,0,0,0,0,0,OFF,OFF,S7,S7,S7,S7,S7
553,00553,0,0,0,0,0,0,0,0,0,0,0,0,0,0,0,0,0,0,0,0,0,OFF,OFF,P3,P3,P3,P3,P3
554,00554,0,0,0,0,0,0,0,0,0,0,0,0,0,0,0,0,0,0,0,0,0,OFF,OFF,P3,P3,P3,P3,P3